timestamp,flare_prob,goes_class,fl_location,flare_start
2011/02/15/HMI.m2011.02.15_00.00.00.jpg,0.8800902962684631,X2.2,"(15.115929105638052, -21)",2011-02-15 01:44:00
2011/02/15/HMI.m2011.02.15_01.00.00.jpg,0.762774646282196,X2.2,"(15.115929105638052, -21)",2011-02-15 01:44:00
2011/03/09/HMI.m2011.03.09_00.00.00.jpg,0.8719308972358704,X1.5,"(9, 8)",2011-03-09 23:13:00
2011/03/09/HMI.m2011.03.09_01.00.00.jpg,0.8919724225997925,X1.5,"(9, 8)",2011-03-09 23:13:00
2011/03/09/HMI.m2011.03.09_02.00.00.jpg,0.874746561050415,X1.5,"(9, 8)",2011-03-09 23:13:00
2011/03/09/HMI.m2011.03.09_03.00.00.jpg,0.8774763345718384,X1.5,"(9, 8)",2011-03-09 23:13:00
2011/03/09/HMI.m2011.03.09_04.00.00.jpg,0.867294192314148,X1.5,"(9, 8)",2011-03-09 23:13:00
2011/03/09/HMI.m2011.03.09_05.00.00.jpg,0.8738325238227844,X1.5,"(9, 8)",2011-03-09 23:13:00
2011/03/09/HMI.m2011.03.09_06.00.00.jpg,0.8621382117271423,X1.5,"(9, 8)",2011-03-09 23:13:00
2011/03/09/HMI.m2011.03.09_07.00.00.jpg,0.8195849061012268,X1.5,"(9, 8)",2011-03-09 23:13:00
2011/03/09/HMI.m2011.03.09_08.00.00.jpg,0.8116056323051453,X1.5,"(9, 8)",2011-03-09 23:13:00
2011/03/09/HMI.m2011.03.09_09.00.00.jpg,0.807594895362854,X1.5,"(9, 8)",2011-03-09 23:13:00
2011/03/09/HMI.m2011.03.09_10.00.00.jpg,0.8153544068336487,X1.5,"(9, 8)",2011-03-09 23:13:00
2011/03/09/HMI.m2011.03.09_11.00.00.jpg,0.7803908586502075,X1.5,"(9, 8)",2011-03-09 23:13:00
2011/03/09/HMI.m2011.03.09_12.00.00.jpg,0.8054711818695068,X1.5,"(9, 8)",2011-03-09 23:13:00
2011/03/09/HMI.m2011.03.09_13.00.00.jpg,0.824134111404419,X1.5,"(9, 8)",2011-03-09 23:13:00
2011/03/09/HMI.m2011.03.09_14.00.00.jpg,0.8480145931243896,X1.5,"(9, 8)",2011-03-09 23:13:00
2011/03/09/HMI.m2011.03.09_15.00.00.jpg,0.835185706615448,X1.5,"(9, 8)",2011-03-09 23:13:00
2011/03/09/HMI.m2011.03.09_16.00.00.jpg,0.8091145157814026,X1.5,"(9, 8)",2011-03-09 23:13:00
2011/03/09/HMI.m2011.03.09_17.00.00.jpg,0.8061816096305847,X1.5,"(9, 8)",2011-03-09 23:13:00
2011/03/09/HMI.m2011.03.09_18.00.00.jpg,0.7852938771247864,X1.5,"(9, 8)",2011-03-09 23:13:00
2011/03/09/HMI.m2011.03.09_19.00.00.jpg,0.7880939245223999,X1.5,"(9, 8)",2011-03-09 23:13:00
2011/03/09/HMI.m2011.03.09_20.00.00.jpg,0.7735282778739929,X1.5,"(9, 8)",2011-03-09 23:13:00
2011/03/09/HMI.m2011.03.09_22.00.00.jpg,0.8167568445205688,X1.5,"(9, 8)",2011-03-09 23:13:00
2011/03/09/HMI.m2011.03.09_23.00.00.jpg,0.7894799113273621,X1.5,"(9, 8)",2011-03-09 23:13:00
2014/01/06/HMI.m2014.01.06_19.00.00.jpg,0.8958752751350403,X1.2,"(-0.20414788244112136, -9)",2014-01-07 18:04:00
2014/01/06/HMI.m2014.01.06_20.00.00.jpg,0.9096266627311708,X1.2,"(-0.20414788244112136, -9)",2014-01-07 18:04:00
2014/01/06/HMI.m2014.01.06_21.00.00.jpg,0.909985363483429,X1.2,"(-0.20414788244112136, -9)",2014-01-07 18:04:00
2014/01/06/HMI.m2014.01.06_22.00.00.jpg,0.9100015163421632,X1.2,"(-0.20414788244112136, -9)",2014-01-07 18:04:00
2014/01/06/HMI.m2014.01.06_23.00.00.jpg,0.9132956862449646,X1.2,"(-0.20414788244112136, -9)",2014-01-07 18:04:00
2014/01/07/HMI.m2014.01.07_00.00.00.jpg,0.9084599018096924,X1.2,"(-0.20414788244112136, -9)",2014-01-07 18:04:00
2014/01/07/HMI.m2014.01.07_01.00.00.jpg,0.93548321723938,X1.2,"(-0.20414788244112136, -9)",2014-01-07 18:04:00
2014/01/07/HMI.m2014.01.07_02.00.00.jpg,0.8924459218978882,X1.2,"(-0.20414788244112136, -9)",2014-01-07 18:04:00
2014/01/07/HMI.m2014.01.07_03.00.00.jpg,0.9302692413330078,X1.2,"(-0.20414788244112136, -9)",2014-01-07 18:04:00
2014/01/07/HMI.m2014.01.07_04.00.00.jpg,0.8757243156433105,X1.2,"(-0.20414788244112136, -9)",2014-01-07 18:04:00
2014/01/07/HMI.m2014.01.07_05.00.00.jpg,0.9373317360877992,X1.2,"(-0.20414788244112136, -9)",2014-01-07 18:04:00
2014/01/07/HMI.m2014.01.07_06.00.00.jpg,0.8827009201049805,X1.2,"(-0.20414788244112136, -9)",2014-01-07 18:04:00
2014/01/07/HMI.m2014.01.07_07.00.00.jpg,0.923908233642578,X1.2,"(-0.20414788244112136, -9)",2014-01-07 18:04:00
2014/01/07/HMI.m2014.01.07_08.00.00.jpg,0.8814072012901306,X1.2,"(-0.20414788244112136, -9)",2014-01-07 18:04:00
2014/01/07/HMI.m2014.01.07_09.00.00.jpg,0.9211410880088806,X1.2,"(-0.20414788244112136, -9)",2014-01-07 18:04:00
2014/01/07/HMI.m2014.01.07_10.00.00.jpg,0.8699584007263184,X1.2,"(-0.20414788244112136, -9)",2014-01-07 18:04:00
2014/01/07/HMI.m2014.01.07_11.00.00.jpg,0.9015366435050964,X1.2,"(-0.20414788244112136, -9)",2014-01-07 18:04:00
2014/01/07/HMI.m2014.01.07_12.00.00.jpg,0.9013882279396056,X1.2,"(-0.20414788244112136, -9)",2014-01-07 18:04:00
2014/01/07/HMI.m2014.01.07_13.00.00.jpg,0.8801620602607727,X1.2,"(-0.20414788244112136, -9)",2014-01-07 18:04:00
2014/01/07/HMI.m2014.01.07_14.00.00.jpg,0.8783528804779053,X1.2,"(-0.20414788244112136, -9)",2014-01-07 18:04:00
2014/01/07/HMI.m2014.01.07_15.00.00.jpg,0.8860954642295837,X1.2,"(-0.20414788244112136, -9)",2014-01-07 18:04:00
2014/01/07/HMI.m2014.01.07_16.00.00.jpg,0.9053768515586852,X1.2,"(-0.20414788244112136, -9)",2014-01-07 18:04:00
2014/01/07/HMI.m2014.01.07_17.00.00.jpg,0.86444091796875,X1.2,"(-0.20414788244112136, -9)",2014-01-07 18:04:00
2014/01/07/HMI.m2014.01.07_18.00.00.jpg,0.8827126622200012,X1.2,"(-0.20414788244112136, -9)",2014-01-07 18:04:00
2014/02/24/HMI.m2014.02.24_01.00.00.jpg,0.4731437265872955,X4.9,"(-82, -12)",2014-02-25 00:39:00
2014/02/24/HMI.m2014.02.24_02.00.00.jpg,0.5557382702827454,X4.9,"(-82, -12)",2014-02-25 00:39:00
2014/02/24/HMI.m2014.02.24_03.00.00.jpg,0.4738190174102783,X4.9,"(-82, -12)",2014-02-25 00:39:00
2014/02/24/HMI.m2014.02.24_04.00.00.jpg,0.5127260684967041,X4.9,"(-82, -12)",2014-02-25 00:39:00
2014/02/24/HMI.m2014.02.24_05.00.00.jpg,0.4381973147392273,X4.9,"(-82, -12)",2014-02-25 00:39:00
2014/02/24/HMI.m2014.02.24_06.00.00.jpg,0.5541183352470398,X4.9,"(-82, -12)",2014-02-25 00:39:00
2014/02/24/HMI.m2014.02.24_07.00.00.jpg,0.5526292324066162,X4.9,"(-82, -12)",2014-02-25 00:39:00
2014/02/24/HMI.m2014.02.24_08.00.00.jpg,0.5889761447906494,X4.9,"(-82, -12)",2014-02-25 00:39:00
2014/02/24/HMI.m2014.02.24_09.00.00.jpg,0.5184037685394287,X4.9,"(-82, -12)",2014-02-25 00:39:00
2014/02/24/HMI.m2014.02.24_10.00.00.jpg,0.5026779770851135,X4.9,"(-82, -12)",2014-02-25 00:39:00
2014/02/24/HMI.m2014.02.24_11.00.00.jpg,0.5680625438690186,X4.9,"(-82, -12)",2014-02-25 00:39:00
2014/02/24/HMI.m2014.02.24_12.00.00.jpg,0.5437536239624023,X4.9,"(-82, -12)",2014-02-25 00:39:00
2014/02/24/HMI.m2014.02.24_13.00.00.jpg,0.4754763841629028,X4.9,"(-82, -12)",2014-02-25 00:39:00
2014/02/24/HMI.m2014.02.24_14.00.00.jpg,0.5424126982688904,X4.9,"(-82, -12)",2014-02-25 00:39:00
2014/02/24/HMI.m2014.02.24_15.00.00.jpg,0.6134490966796875,X4.9,"(-82, -12)",2014-02-25 00:39:00
2014/02/24/HMI.m2014.02.24_16.00.00.jpg,0.520857036113739,X4.9,"(-82, -12)",2014-02-25 00:39:00
2014/02/24/HMI.m2014.02.24_17.00.00.jpg,0.591673731803894,X4.9,"(-82, -12)",2014-02-25 00:39:00
2014/02/24/HMI.m2014.02.24_18.00.00.jpg,0.5896442532539368,X4.9,"(-82, -12)",2014-02-25 00:39:00
2014/02/24/HMI.m2014.02.24_19.00.00.jpg,0.6858428120613098,X4.9,"(-82, -12)",2014-02-25 00:39:00
2014/02/24/HMI.m2014.02.24_20.00.00.jpg,0.683368444442749,X4.9,"(-82, -12)",2014-02-25 00:39:00
2014/02/24/HMI.m2014.02.24_21.00.00.jpg,0.6979126334190369,X4.9,"(-82, -12)",2014-02-25 00:39:00
2014/02/24/HMI.m2014.02.24_22.00.00.jpg,0.6828559637069702,X4.9,"(-82, -12)",2014-02-25 00:39:00
2014/02/24/HMI.m2014.02.24_23.00.00.jpg,0.7201420664787292,X4.9,"(-82, -12)",2014-02-25 00:39:00
2014/02/25/HMI.m2014.02.25_00.00.00.jpg,0.7416186928749084,X4.9,"(-82, -12)",2014-02-25 00:39:00
2014/03/28/HMI.m2014.03.28_18.00.00.jpg,0.754411518573761,X1.0,"(32, 11)",2014-03-29 17:35:00
2014/03/28/HMI.m2014.03.28_19.00.00.jpg,0.7572640180587769,X1.0,"(32, 11)",2014-03-29 17:35:00
2014/03/28/HMI.m2014.03.28_20.00.00.jpg,0.7245515584945679,X1.0,"(32, 11)",2014-03-29 17:35:00
2014/03/28/HMI.m2014.03.28_21.00.00.jpg,0.7365836501121521,X1.0,"(32, 11)",2014-03-29 17:35:00
2014/03/28/HMI.m2014.03.28_22.00.00.jpg,0.7927835583686829,X1.0,"(32, 11)",2014-03-29 17:35:00
2014/03/28/HMI.m2014.03.28_23.00.00.jpg,0.7424158453941345,X1.0,"(32, 11)",2014-03-29 17:35:00
2014/03/29/HMI.m2014.03.29_00.00.00.jpg,0.7504193186759949,X1.0,"(32, 11)",2014-03-29 17:35:00
2014/03/29/HMI.m2014.03.29_01.00.00.jpg,0.7499140501022339,X1.0,"(32, 11)",2014-03-29 17:35:00
2014/03/29/HMI.m2014.03.29_02.00.00.jpg,0.7454537749290466,X1.0,"(32, 11)",2014-03-29 17:35:00
2014/03/29/HMI.m2014.03.29_03.00.00.jpg,0.7990967631340027,X1.0,"(32, 11)",2014-03-29 17:35:00
2014/03/29/HMI.m2014.03.29_04.00.00.jpg,0.8092469573020935,X1.0,"(32, 11)",2014-03-29 17:35:00
2014/03/29/HMI.m2014.03.29_05.00.00.jpg,0.8056489825248718,X1.0,"(32, 11)",2014-03-29 17:35:00
2014/03/29/HMI.m2014.03.29_06.00.00.jpg,0.8353272676467896,X1.0,"(32, 11)",2014-03-29 17:35:00
2014/03/29/HMI.m2014.03.29_07.00.00.jpg,0.8179609179496765,X1.0,"(32, 11)",2014-03-29 17:35:00
2014/03/29/HMI.m2014.03.29_08.00.00.jpg,0.7948694825172424,X1.0,"(32, 11)",2014-03-29 17:35:00
2014/03/29/HMI.m2014.03.29_09.00.00.jpg,0.7937222719192505,X1.0,"(32, 11)",2014-03-29 17:35:00
2014/03/29/HMI.m2014.03.29_10.00.00.jpg,0.7788710594177246,X1.0,"(32, 11)",2014-03-29 17:35:00
2014/03/29/HMI.m2014.03.29_11.00.00.jpg,0.7875643968582153,X1.0,"(32, 11)",2014-03-29 17:35:00
2014/03/29/HMI.m2014.03.29_12.00.00.jpg,0.7815231084823608,X1.0,"(32, 11)",2014-03-29 17:35:00
2014/03/29/HMI.m2014.03.29_13.00.00.jpg,0.7516791224479675,X1.0,"(32, 11)",2014-03-29 17:35:00
2014/03/29/HMI.m2014.03.29_14.00.00.jpg,0.7149603366851807,X1.0,"(32, 11)",2014-03-29 17:35:00
2014/03/29/HMI.m2014.03.29_15.00.00.jpg,0.6943554282188416,X1.0,"(32, 11)",2014-03-29 17:35:00
2014/03/29/HMI.m2014.03.29_16.00.00.jpg,0.6623740196228027,X1.0,"(32, 11)",2014-03-29 17:35:00
2014/03/29/HMI.m2014.03.29_17.00.00.jpg,0.6582089066505432,X1.0,"(32, 11)",2014-03-29 17:35:00
2015/03/10/HMI.m2015.03.10_17.00.00.jpg,0.842036783695221,X2.1,"(-21, -17)",2015-03-11 16:11:00
2015/03/10/HMI.m2015.03.10_18.00.00.jpg,0.843952476978302,X2.1,"(-21, -17)",2015-03-11 16:11:00
2015/03/10/HMI.m2015.03.10_19.00.00.jpg,0.7672022581100464,X2.1,"(-21, -17)",2015-03-11 16:11:00
2015/03/10/HMI.m2015.03.10_20.00.00.jpg,0.8257375359535217,X2.1,"(-21, -17)",2015-03-11 16:11:00
2015/03/10/HMI.m2015.03.10_21.00.00.jpg,0.8693581223487854,X2.1,"(-21, -17)",2015-03-11 16:11:00
2015/03/10/HMI.m2015.03.10_22.00.00.jpg,0.8418631553649902,X2.1,"(-21, -17)",2015-03-11 16:11:00
2015/03/10/HMI.m2015.03.10_23.00.00.jpg,0.8707165122032166,X2.1,"(-21, -17)",2015-03-11 16:11:00
2015/03/11/HMI.m2015.03.11_00.00.00.jpg,0.8128861784934998,X2.1,"(-21, -17)",2015-03-11 16:11:00
2015/03/11/HMI.m2015.03.11_01.00.00.jpg,0.8189914226531982,X2.1,"(-21, -17)",2015-03-11 16:11:00
2015/03/11/HMI.m2015.03.11_02.00.00.jpg,0.8493119478225708,X2.1,"(-21, -17)",2015-03-11 16:11:00
2015/03/11/HMI.m2015.03.11_03.00.00.jpg,0.8343738913536072,X2.1,"(-21, -17)",2015-03-11 16:11:00
2015/03/11/HMI.m2015.03.11_04.00.00.jpg,0.8844500184059143,X2.1,"(-21, -17)",2015-03-11 16:11:00
2015/03/11/HMI.m2015.03.11_05.00.00.jpg,0.8886899948120117,X2.1,"(-21, -17)",2015-03-11 16:11:00
2015/03/11/HMI.m2015.03.11_06.00.00.jpg,0.8990623950958252,X2.1,"(-21, -17)",2015-03-11 16:11:00
2015/03/11/HMI.m2015.03.11_08.00.00.jpg,0.9204314351081848,X2.1,"(-21, -17)",2015-03-11 16:11:00
2015/03/11/HMI.m2015.03.11_09.00.00.jpg,0.9136942625045776,X2.1,"(-21, -17)",2015-03-11 16:11:00
2015/03/11/HMI.m2015.03.11_10.00.00.jpg,0.8955628275871277,X2.1,"(-21, -17)",2015-03-11 16:11:00
2015/03/11/HMI.m2015.03.11_11.00.00.jpg,0.8876819610595703,X2.1,"(-21, -17)",2015-03-11 16:11:00
2015/03/11/HMI.m2015.03.11_12.00.00.jpg,0.8638783693313599,X2.1,"(-21, -17)",2015-03-11 16:11:00
2015/03/11/HMI.m2015.03.11_13.00.00.jpg,0.9289039373397828,X2.1,"(-21, -17)",2015-03-11 16:11:00
2015/03/11/HMI.m2015.03.11_14.00.00.jpg,0.9268848299980164,X2.1,"(-21, -17)",2015-03-11 16:11:00
2015/03/11/HMI.m2015.03.11_15.00.00.jpg,0.9096382260322572,X2.1,"(-21, -17)",2015-03-11 16:11:00
2015/03/11/HMI.m2015.03.11_16.00.00.jpg,0.8970338702201843,X2.1,"(-21, -17)",2015-03-11 16:11:00
2013/05/12/HMI.m2013.05.12_02.00.00.jpg,0.5609732866287231,X1.7,"(-90, 12)",2013-05-13 01:53:00
2013/05/12/HMI.m2013.05.12_04.00.00.jpg,0.543043315410614,X1.7,"(-90, 12)",2013-05-13 01:53:00
2013/05/12/HMI.m2013.05.12_05.00.00.jpg,0.588237464427948,X1.7,"(-90, 12)",2013-05-13 01:53:00
2013/05/12/HMI.m2013.05.12_06.00.00.jpg,0.5757721066474915,X1.7,"(-90, 12)",2013-05-13 01:53:00
2013/05/12/HMI.m2013.05.12_07.00.00.jpg,0.5632522106170654,X1.7,"(-90, 12)",2013-05-13 01:53:00
2013/05/12/HMI.m2013.05.12_08.00.00.jpg,0.5206813216209412,X1.7,"(-90, 12)",2013-05-13 01:53:00
2013/05/12/HMI.m2013.05.12_09.00.00.jpg,0.5835625529289246,X1.7,"(-90, 12)",2013-05-13 01:53:00
2013/05/12/HMI.m2013.05.12_10.00.00.jpg,0.6077753901481628,X1.7,"(-90, 12)",2013-05-13 01:53:00
2013/05/12/HMI.m2013.05.12_11.00.00.jpg,0.5482215881347656,X1.7,"(-90, 12)",2013-05-13 01:53:00
2013/05/12/HMI.m2013.05.12_12.00.00.jpg,0.5292854905128479,X1.7,"(-90, 12)",2013-05-13 01:53:00
2013/05/12/HMI.m2013.05.12_13.00.00.jpg,0.583402156829834,X1.7,"(-90, 12)",2013-05-13 01:53:00
2013/05/12/HMI.m2013.05.12_14.00.00.jpg,0.6579039692878723,X1.7,"(-90, 12)",2013-05-13 01:53:00
2013/05/12/HMI.m2013.05.12_15.00.00.jpg,0.6218249797821045,X1.7,"(-90, 12)",2013-05-13 01:53:00
2013/05/12/HMI.m2013.05.12_16.00.00.jpg,0.5696091055870056,X2.8,"(-85, 11)",2013-05-13 15:48:00
2013/05/13/HMI.m2013.05.13_00.00.00.jpg,0.7669795751571655,X2.8,"(-85, 11)",2013-05-13 15:48:00
2013/05/13/HMI.m2013.05.13_01.00.00.jpg,0.7638517618179321,X3.2,"(-80.3081384076641, 12)",2013-05-14 00:00:00
2013/05/13/HMI.m2013.05.13_02.00.00.jpg,0.7706899046897888,X3.2,"(-80.3081384076641, 12)",2013-05-14 00:00:00
2013/05/13/HMI.m2013.05.13_03.00.00.jpg,0.7760481834411621,X3.2,"(-80.3081384076641, 12)",2013-05-14 00:00:00
2013/05/13/HMI.m2013.05.13_04.00.00.jpg,0.7977389693260193,X3.2,"(-80.3081384076641, 12)",2013-05-14 00:00:00
2013/05/13/HMI.m2013.05.13_05.00.00.jpg,0.7988596558570862,X3.2,"(-80.3081384076641, 12)",2013-05-14 00:00:00
2013/05/13/HMI.m2013.05.13_06.00.00.jpg,0.8006870150566101,X3.2,"(-80.3081384076641, 12)",2013-05-14 00:00:00
2013/05/13/HMI.m2013.05.13_07.00.00.jpg,0.81270831823349,X3.2,"(-80.3081384076641, 12)",2013-05-14 00:00:00
2013/05/13/HMI.m2013.05.13_08.00.00.jpg,0.8136736750602722,X3.2,"(-80.3081384076641, 12)",2013-05-14 00:00:00
2013/05/13/HMI.m2013.05.13_09.00.00.jpg,0.8043721914291382,X3.2,"(-80.3081384076641, 12)",2013-05-14 00:00:00
2013/05/13/HMI.m2013.05.13_10.00.00.jpg,0.8244649171829224,X3.2,"(-80.3081384076641, 12)",2013-05-14 00:00:00
2013/05/13/HMI.m2013.05.13_11.00.00.jpg,0.8092324733734131,X3.2,"(-80.3081384076641, 12)",2013-05-14 00:00:00
2013/05/13/HMI.m2013.05.13_12.00.00.jpg,0.8160340189933777,X3.2,"(-80.3081384076641, 12)",2013-05-14 00:00:00
2013/05/13/HMI.m2013.05.13_13.00.00.jpg,0.8429914712905884,X3.2,"(-80.3081384076641, 12)",2013-05-14 00:00:00
2013/05/13/HMI.m2013.05.13_14.00.00.jpg,0.831375777721405,X3.2,"(-80.3081384076641, 12)",2013-05-14 00:00:00
2013/05/13/HMI.m2013.05.13_15.00.00.jpg,0.8256791830062866,X3.2,"(-80.3081384076641, 12)",2013-05-14 00:00:00
2013/05/13/HMI.m2013.05.13_16.00.00.jpg,0.8390465378761292,X3.2,"(-80.3081384076641, 12)",2013-05-14 00:00:00
2013/05/13/HMI.m2013.05.13_17.00.00.jpg,0.8307679295539856,X3.2,"(-80.3081384076641, 12)",2013-05-14 00:00:00
2013/05/13/HMI.m2013.05.13_18.00.00.jpg,0.8285000920295715,X3.2,"(-80.3081384076641, 12)",2013-05-14 00:00:00
2013/05/13/HMI.m2013.05.13_19.00.00.jpg,0.8445301055908203,X3.2,"(-80.3081384076641, 12)",2013-05-14 00:00:00
2013/05/13/HMI.m2013.05.13_20.00.00.jpg,0.8352909088134766,X3.2,"(-80.3081384076641, 12)",2013-05-14 00:00:00
2013/05/13/HMI.m2013.05.13_21.00.00.jpg,0.8387510776519775,X3.2,"(-80.3081384076641, 12)",2013-05-14 00:00:00
2013/05/13/HMI.m2013.05.13_22.00.00.jpg,0.8357342481613159,X3.2,"(-80.3081384076641, 12)",2013-05-14 00:00:00
2013/05/13/HMI.m2013.05.13_23.00.00.jpg,0.8303692936897278,X3.2,"(-80.3081384076641, 12)",2013-05-14 00:00:00
2013/05/14/HMI.m2013.05.14_02.00.00.jpg,0.8448235392570496,X1.2,"(-64, 12)",2013-05-15 01:25:00
2013/05/14/HMI.m2013.05.14_03.00.00.jpg,0.841353714466095,X1.2,"(-64, 12)",2013-05-15 01:25:00
2013/05/14/HMI.m2013.05.14_04.00.00.jpg,0.8382291197776794,X1.2,"(-64, 12)",2013-05-15 01:25:00
2013/05/14/HMI.m2013.05.14_05.00.00.jpg,0.8438112735748291,X1.2,"(-64, 12)",2013-05-15 01:25:00
2013/05/14/HMI.m2013.05.14_06.00.00.jpg,0.8497109413146973,X1.2,"(-64, 12)",2013-05-15 01:25:00
2013/05/14/HMI.m2013.05.14_07.00.00.jpg,0.856370747089386,X1.2,"(-64, 12)",2013-05-15 01:25:00
2013/05/14/HMI.m2013.05.14_08.00.00.jpg,0.8508232831954956,X1.2,"(-64, 12)",2013-05-15 01:25:00
2013/05/14/HMI.m2013.05.14_09.00.00.jpg,0.8560165762901306,X1.2,"(-64, 12)",2013-05-15 01:25:00
2013/05/14/HMI.m2013.05.14_10.00.00.jpg,0.85343337059021,X1.2,"(-64, 12)",2013-05-15 01:25:00
2013/05/14/HMI.m2013.05.14_11.00.00.jpg,0.8556326627731323,X1.2,"(-64, 12)",2013-05-15 01:25:00
2013/05/14/HMI.m2013.05.14_12.00.00.jpg,0.8575853109359741,X1.2,"(-64, 12)",2013-05-15 01:25:00
2013/05/14/HMI.m2013.05.14_13.00.00.jpg,0.85891193151474,X1.2,"(-64, 12)",2013-05-15 01:25:00
2013/05/14/HMI.m2013.05.14_14.00.00.jpg,0.8490879535675049,X1.2,"(-64, 12)",2013-05-15 01:25:00
2013/05/14/HMI.m2013.05.14_15.00.00.jpg,0.8543572425842285,X1.2,"(-64, 12)",2013-05-15 01:25:00
2013/05/14/HMI.m2013.05.14_16.00.00.jpg,0.8587728142738342,X1.2,"(-64, 12)",2013-05-15 01:25:00
2013/05/14/HMI.m2013.05.14_17.00.00.jpg,0.8529770374298096,X1.2,"(-64, 12)",2013-05-15 01:25:00
2013/05/14/HMI.m2013.05.14_18.00.00.jpg,0.8431951403617859,X1.2,"(-64, 12)",2013-05-15 01:25:00
2013/05/14/HMI.m2013.05.14_19.00.00.jpg,0.8320967555046082,X1.2,"(-64, 12)",2013-05-15 01:25:00
2013/05/14/HMI.m2013.05.14_20.00.00.jpg,0.8356239199638367,X1.2,"(-64, 12)",2013-05-15 01:25:00
2013/05/14/HMI.m2013.05.14_21.00.00.jpg,0.8418164253234863,X1.2,"(-64, 12)",2013-05-15 01:25:00
2013/05/14/HMI.m2013.05.14_22.00.00.jpg,0.8141692280769348,X1.2,"(-64, 12)",2013-05-15 01:25:00
2013/05/14/HMI.m2013.05.14_23.00.00.jpg,0.8298287987709045,X1.2,"(-64, 12)",2013-05-15 01:25:00
2013/05/15/HMI.m2013.05.15_00.00.00.jpg,0.8049563765525818,X1.2,"(-64, 12)",2013-05-15 01:25:00
2013/05/15/HMI.m2013.05.15_01.00.00.jpg,0.8000314235687256,X1.2,"(-64, 12)",2013-05-15 01:25:00
2014/04/24/HMI.m2014.04.24_01.00.00.jpg,0.537086546421051,X1.3,"(90, -13)",2014-04-25 00:17:00
2014/04/24/HMI.m2014.04.24_02.00.00.jpg,0.5509585738182068,X1.3,"(90, -13)",2014-04-25 00:17:00
2014/04/24/HMI.m2014.04.24_03.00.00.jpg,0.5340120792388916,X1.3,"(90, -13)",2014-04-25 00:17:00
2014/04/24/HMI.m2014.04.24_04.00.00.jpg,0.5376091599464417,X1.3,"(90, -13)",2014-04-25 00:17:00
2014/04/24/HMI.m2014.04.24_05.00.00.jpg,0.4978257417678833,X1.3,"(90, -13)",2014-04-25 00:17:00
2014/04/24/HMI.m2014.04.24_06.00.00.jpg,0.4793869853019714,X1.3,"(90, -13)",2014-04-25 00:17:00
2014/04/24/HMI.m2014.04.24_07.00.00.jpg,0.4863878488540649,X1.3,"(90, -13)",2014-04-25 00:17:00
2014/04/24/HMI.m2014.04.24_08.00.00.jpg,0.464449793100357,X1.3,"(90, -13)",2014-04-25 00:17:00
2014/04/24/HMI.m2014.04.24_09.00.00.jpg,0.4373340606689453,X1.3,"(90, -13)",2014-04-25 00:17:00
2014/04/24/HMI.m2014.04.24_10.00.00.jpg,0.3948424160480499,X1.3,"(90, -13)",2014-04-25 00:17:00
2014/04/24/HMI.m2014.04.24_11.00.00.jpg,0.3847827017307281,X1.3,"(90, -13)",2014-04-25 00:17:00
2014/04/24/HMI.m2014.04.24_12.00.00.jpg,0.3705298602581024,X1.3,"(90, -13)",2014-04-25 00:17:00
2014/04/24/HMI.m2014.04.24_13.00.00.jpg,0.3461636006832123,X1.3,"(90, -13)",2014-04-25 00:17:00
2014/04/24/HMI.m2014.04.24_14.00.00.jpg,0.3639031052589416,X1.3,"(90, -13)",2014-04-25 00:17:00
2014/04/24/HMI.m2014.04.24_15.00.00.jpg,0.3168002068996429,X1.3,"(90, -13)",2014-04-25 00:17:00
2014/04/24/HMI.m2014.04.24_16.00.00.jpg,0.2688526511192322,X1.3,"(90, -13)",2014-04-25 00:17:00
2014/04/24/HMI.m2014.04.24_17.00.00.jpg,0.3141357898712158,X1.3,"(90, -13)",2014-04-25 00:17:00
2014/04/24/HMI.m2014.04.24_18.00.00.jpg,0.2987808883190155,X1.3,"(90, -13)",2014-04-25 00:17:00
2014/04/24/HMI.m2014.04.24_19.00.00.jpg,0.2497259527444839,X1.3,"(90, -13)",2014-04-25 00:17:00
2014/04/24/HMI.m2014.04.24_20.00.00.jpg,0.3038444519042969,X1.3,"(90, -13)",2014-04-25 00:17:00
2014/04/24/HMI.m2014.04.24_21.00.00.jpg,0.2496401667594909,X1.3,"(90, -13)",2014-04-25 00:17:00
2014/04/24/HMI.m2014.04.24_22.00.00.jpg,0.2308371216058731,X1.3,"(90, -13)",2014-04-25 00:17:00
2014/04/24/HMI.m2014.04.24_23.00.00.jpg,0.2229199409484863,X1.3,"(90, -13)",2014-04-25 00:17:00
2014/04/25/HMI.m2014.04.25_00.00.00.jpg,0.208546444773674,X1.3,"(90, -13)",2014-04-25 00:17:00
2014/06/09/HMI.m2014.06.09_12.00.00.jpg,0.8687868714332581,X2.2,"(-80, -15)",2014-06-10 11:36:00
2014/06/09/HMI.m2014.06.09_13.00.00.jpg,0.8585649728775024,X2.2,"(-80, -15)",2014-06-10 11:36:00
2014/06/09/HMI.m2014.06.09_14.00.00.jpg,0.8716763854026794,X2.2,"(-80, -15)",2014-06-10 11:36:00
2014/06/09/HMI.m2014.06.09_15.00.00.jpg,0.8958964347839355,X2.2,"(-80, -15)",2014-06-10 11:36:00
2014/06/09/HMI.m2014.06.09_16.00.00.jpg,0.8727385997772217,X2.2,"(-80, -15)",2014-06-10 11:36:00
2014/06/09/HMI.m2014.06.09_17.00.00.jpg,0.8749181032180786,X2.2,"(-80, -15)",2014-06-10 11:36:00
2014/06/09/HMI.m2014.06.09_18.00.00.jpg,0.8535564541816711,X2.2,"(-80, -15)",2014-06-10 11:36:00
2014/06/09/HMI.m2014.06.09_19.00.00.jpg,0.870880663394928,X2.2,"(-80, -15)",2014-06-10 11:36:00
2014/06/09/HMI.m2014.06.09_20.00.00.jpg,0.8676055073738098,X2.2,"(-80, -15)",2014-06-10 11:36:00
2014/06/09/HMI.m2014.06.09_21.00.00.jpg,0.8668813705444336,X2.2,"(-80, -15)",2014-06-10 11:36:00
2014/06/09/HMI.m2014.06.09_22.00.00.jpg,0.8604026436805725,X2.2,"(-80, -15)",2014-06-10 11:36:00
2014/06/09/HMI.m2014.06.09_23.00.00.jpg,0.8527647256851196,X2.2,"(-80, -15)",2014-06-10 11:36:00
2014/06/10/HMI.m2014.06.10_00.00.00.jpg,0.8726890087127686,X2.2,"(-80, -15)",2014-06-10 11:36:00
2014/06/10/HMI.m2014.06.10_01.00.00.jpg,0.8619955778121948,X2.2,"(-80, -15)",2014-06-10 11:36:00
2014/06/10/HMI.m2014.06.10_02.00.00.jpg,0.8563754558563232,X2.2,"(-80, -15)",2014-06-10 11:36:00
2014/06/10/HMI.m2014.06.10_03.00.00.jpg,0.8565572500228882,X2.2,"(-80, -15)",2014-06-10 11:36:00
2014/06/10/HMI.m2014.06.10_04.00.00.jpg,0.8630803823471069,X2.2,"(-80, -15)",2014-06-10 11:36:00
2014/06/10/HMI.m2014.06.10_05.00.00.jpg,0.8610953092575073,X2.2,"(-80, -15)",2014-06-10 11:36:00
2014/06/10/HMI.m2014.06.10_06.00.00.jpg,0.8604956269264221,X2.2,"(-80, -15)",2014-06-10 11:36:00
2014/06/10/HMI.m2014.06.10_07.00.00.jpg,0.8567599058151245,X2.2,"(-80, -15)",2014-06-10 11:36:00
2014/06/10/HMI.m2014.06.10_08.00.00.jpg,0.8540933728218079,X2.2,"(-80, -15)",2014-06-10 11:36:00
2014/06/10/HMI.m2014.06.10_09.00.00.jpg,0.859519898891449,X2.2,"(-80, -15)",2014-06-10 11:36:00
2014/06/10/HMI.m2014.06.10_10.00.00.jpg,0.8570278882980347,X2.2,"(-80, -15)",2014-06-10 11:36:00
2014/06/10/HMI.m2014.06.10_11.00.00.jpg,0.8587173223495483,X2.2,"(-80, -15)",2014-06-10 11:36:00
2014/06/10/HMI.m2014.06.10_12.00.00.jpg,0.8563136458396912,X1.5,"(-82, -17)",2014-06-10 12:36:00
2014/06/10/HMI.m2014.06.10_13.00.00.jpg,0.8650908470153809,X1.0,"(-65, -18)",2014-06-11 08:59:00
2014/06/10/HMI.m2014.06.10_14.00.00.jpg,0.8560144901275635,X1.0,"(-65, -18)",2014-06-11 08:59:00
2014/06/10/HMI.m2014.06.10_15.00.00.jpg,0.8709182739257812,X1.0,"(-65, -18)",2014-06-11 08:59:00
2014/06/10/HMI.m2014.06.10_16.00.00.jpg,0.8537724614143372,X1.0,"(-65, -18)",2014-06-11 08:59:00
2014/06/10/HMI.m2014.06.10_17.00.00.jpg,0.8596673011779785,X1.0,"(-65, -18)",2014-06-11 08:59:00
2014/06/10/HMI.m2014.06.10_18.00.00.jpg,0.86030513048172,X1.0,"(-65, -18)",2014-06-11 08:59:00
2014/06/10/HMI.m2014.06.10_19.00.00.jpg,0.864100992679596,X1.0,"(-65, -18)",2014-06-11 08:59:00
2014/06/10/HMI.m2014.06.10_20.00.00.jpg,0.8707552552223206,X1.0,"(-65, -18)",2014-06-11 08:59:00
2014/06/10/HMI.m2014.06.10_21.00.00.jpg,0.8504154086112976,X1.0,"(-65, -18)",2014-06-11 08:59:00
2014/06/10/HMI.m2014.06.10_22.00.00.jpg,0.864096462726593,X1.0,"(-65, -18)",2014-06-11 08:59:00
2014/06/10/HMI.m2014.06.10_23.00.00.jpg,0.8469241261482239,X1.0,"(-65, -18)",2014-06-11 08:59:00
2014/06/11/HMI.m2014.06.11_00.00.00.jpg,0.8549043536186218,X1.0,"(-65, -18)",2014-06-11 08:59:00
2014/06/11/HMI.m2014.06.11_01.00.00.jpg,0.8646848797798157,X1.0,"(-65, -18)",2014-06-11 08:59:00
2014/06/11/HMI.m2014.06.11_02.00.00.jpg,0.8560141921043396,X1.0,"(-65, -18)",2014-06-11 08:59:00
2014/06/11/HMI.m2014.06.11_03.00.00.jpg,0.8743180632591248,X1.0,"(-65, -18)",2014-06-11 08:59:00
2014/06/11/HMI.m2014.06.11_04.00.00.jpg,0.8718380928039551,X1.0,"(-65, -18)",2014-06-11 08:59:00
2014/06/11/HMI.m2014.06.11_05.00.00.jpg,0.8670231103897095,X1.0,"(-65, -18)",2014-06-11 08:59:00
2014/06/11/HMI.m2014.06.11_06.00.00.jpg,0.8732527494430542,X1.0,"(-65, -18)",2014-06-11 08:59:00
2014/06/11/HMI.m2014.06.11_07.00.00.jpg,0.866723358631134,X1.0,"(-65, -18)",2014-06-11 08:59:00
2014/06/11/HMI.m2014.06.11_08.00.00.jpg,0.8676074743270874,X1.0,"(-65, -18)",2014-06-11 08:59:00
2015/05/04/HMI.m2015.05.04_23.00.00.jpg,0.2308854013681411,X2.7,"(-71.06215371217765, 12)",2015-05-05 22:05:00
2015/05/05/HMI.m2015.05.05_00.00.00.jpg,0.2650290727615356,X2.7,"(-71.06215371217765, 12)",2015-05-05 22:05:00
2015/05/05/HMI.m2015.05.05_01.00.00.jpg,0.2887189388275146,X2.7,"(-71.06215371217765, 12)",2015-05-05 22:05:00
2015/05/05/HMI.m2015.05.05_02.00.00.jpg,0.2926845252513885,X2.7,"(-71.06215371217765, 12)",2015-05-05 22:05:00
2015/05/05/HMI.m2015.05.05_03.00.00.jpg,0.374170184135437,X2.7,"(-71.06215371217765, 12)",2015-05-05 22:05:00
2015/05/05/HMI.m2015.05.05_04.00.00.jpg,0.3857841193675995,X2.7,"(-71.06215371217765, 12)",2015-05-05 22:05:00
2015/05/05/HMI.m2015.05.05_05.00.00.jpg,0.3991407752037048,X2.7,"(-71.06215371217765, 12)",2015-05-05 22:05:00
2015/05/05/HMI.m2015.05.05_06.00.00.jpg,0.5028895735740662,X2.7,"(-71.06215371217765, 12)",2015-05-05 22:05:00
2015/05/05/HMI.m2015.05.05_07.00.00.jpg,0.5230474472045898,X2.7,"(-71.06215371217765, 12)",2015-05-05 22:05:00
2015/05/05/HMI.m2015.05.05_08.00.00.jpg,0.5431020259857178,X2.7,"(-71.06215371217765, 12)",2015-05-05 22:05:00
2015/05/05/HMI.m2015.05.05_09.00.00.jpg,0.529551088809967,X2.7,"(-71.06215371217765, 12)",2015-05-05 22:05:00
2015/05/05/HMI.m2015.05.05_10.00.00.jpg,0.5780637264251709,X2.7,"(-71.06215371217765, 12)",2015-05-05 22:05:00
2015/05/05/HMI.m2015.05.05_11.00.00.jpg,0.6003968715667725,X2.7,"(-71.06215371217765, 12)",2015-05-05 22:05:00
2015/05/05/HMI.m2015.05.05_12.00.00.jpg,0.6445931792259216,X2.7,"(-71.06215371217765, 12)",2015-05-05 22:05:00
2015/05/05/HMI.m2015.05.05_13.00.00.jpg,0.6770948767662048,X2.7,"(-71.06215371217765, 12)",2015-05-05 22:05:00
2015/05/05/HMI.m2015.05.05_14.00.00.jpg,0.6681999564170837,X2.7,"(-71.06215371217765, 12)",2015-05-05 22:05:00
2015/05/05/HMI.m2015.05.05_15.00.00.jpg,0.67764812707901,X2.7,"(-71.06215371217765, 12)",2015-05-05 22:05:00
2015/05/05/HMI.m2015.05.05_16.00.00.jpg,0.7248308658599854,X2.7,"(-71.06215371217765, 12)",2015-05-05 22:05:00
2015/05/05/HMI.m2015.05.05_17.00.00.jpg,0.7185574769973755,X2.7,"(-71.06215371217765, 12)",2015-05-05 22:05:00
2015/05/05/HMI.m2015.05.05_18.00.00.jpg,0.7465402483940125,X2.7,"(-71.06215371217765, 12)",2015-05-05 22:05:00
2015/05/05/HMI.m2015.05.05_19.00.00.jpg,0.7423757314682007,X2.7,"(-71.06215371217765, 12)",2015-05-05 22:05:00
2015/05/05/HMI.m2015.05.05_20.00.00.jpg,0.7259646654129028,X2.7,"(-71.06215371217765, 12)",2015-05-05 22:05:00
2015/05/05/HMI.m2015.05.05_21.00.00.jpg,0.7420371770858765,X2.7,"(-71.06215371217765, 12)",2015-05-05 22:05:00
2015/05/05/HMI.m2015.05.05_22.00.00.jpg,0.704034149646759,X2.7,"(-71.06215371217765, 12)",2015-05-05 22:05:00
2011/08/08/HMI.m2011.08.08_08.00.00.jpg,0.6835429072380066,X6.9,"(69, 17)",2011-08-09 07:48:00
2011/08/08/HMI.m2011.08.08_09.00.00.jpg,0.6603327989578247,X6.9,"(69, 17)",2011-08-09 07:48:00
2011/08/08/HMI.m2011.08.08_10.00.00.jpg,0.5946179032325745,X6.9,"(69, 17)",2011-08-09 07:48:00
2011/08/08/HMI.m2011.08.08_11.00.00.jpg,0.5575575828552246,X6.9,"(69, 17)",2011-08-09 07:48:00
2011/08/08/HMI.m2011.08.08_12.00.00.jpg,0.6287075281143188,X6.9,"(69, 17)",2011-08-09 07:48:00
2011/08/08/HMI.m2011.08.08_13.00.00.jpg,0.6446651816368103,X6.9,"(69, 17)",2011-08-09 07:48:00
2011/08/08/HMI.m2011.08.08_14.00.00.jpg,0.685092568397522,X6.9,"(69, 17)",2011-08-09 07:48:00
2011/08/08/HMI.m2011.08.08_15.00.00.jpg,0.6689598560333252,X6.9,"(69, 17)",2011-08-09 07:48:00
2011/08/08/HMI.m2011.08.08_16.00.00.jpg,0.6247267127037048,X6.9,"(69, 17)",2011-08-09 07:48:00
2011/08/08/HMI.m2011.08.08_17.00.00.jpg,0.6898267865180969,X6.9,"(69, 17)",2011-08-09 07:48:00
2011/08/08/HMI.m2011.08.08_18.00.00.jpg,0.7082901000976562,X6.9,"(69, 17)",2011-08-09 07:48:00
2011/08/08/HMI.m2011.08.08_19.00.00.jpg,0.7150982618331909,X6.9,"(69, 17)",2011-08-09 07:48:00
2011/08/08/HMI.m2011.08.08_20.00.00.jpg,0.6742139458656311,X6.9,"(69, 17)",2011-08-09 07:48:00
2011/08/08/HMI.m2011.08.08_21.00.00.jpg,0.6737204790115356,X6.9,"(69, 17)",2011-08-09 07:48:00
2011/08/08/HMI.m2011.08.08_22.00.00.jpg,0.6421138644218445,X6.9,"(69, 17)",2011-08-09 07:48:00
2011/08/08/HMI.m2011.08.08_23.00.00.jpg,0.7007020115852356,X6.9,"(69, 17)",2011-08-09 07:48:00
2011/08/09/HMI.m2011.08.09_00.00.00.jpg,0.7178669571876526,X6.9,"(69, 17)",2011-08-09 07:48:00
2011/08/09/HMI.m2011.08.09_01.00.00.jpg,0.7299978733062744,X6.9,"(69, 17)",2011-08-09 07:48:00
2011/08/09/HMI.m2011.08.09_02.00.00.jpg,0.7312386631965637,X6.9,"(69, 17)",2011-08-09 07:48:00
2011/08/09/HMI.m2011.08.09_03.00.00.jpg,0.7287293672561646,X6.9,"(69, 17)",2011-08-09 07:48:00
2011/08/09/HMI.m2011.08.09_04.00.00.jpg,0.7350945472717285,X6.9,"(69, 17)",2011-08-09 07:48:00
2011/08/09/HMI.m2011.08.09_05.00.00.jpg,0.7596678733825684,X6.9,"(69, 17)",2011-08-09 07:48:00
2011/08/09/HMI.m2011.08.09_06.00.00.jpg,0.7549649477005005,X6.9,"(69, 17)",2011-08-09 07:48:00
2011/08/09/HMI.m2011.08.09_07.00.00.jpg,0.7593420743942261,X6.9,"(69, 17)",2011-08-09 07:48:00
2011/09/05/HMI.m2011.09.05_23.00.00.jpg,0.4901157319545746,X2.1,"(18, 14)",2011-09-06 22:12:00
2011/09/06/HMI.m2011.09.06_00.00.00.jpg,0.5076510906219482,X2.1,"(18, 14)",2011-09-06 22:12:00
2011/09/06/HMI.m2011.09.06_01.00.00.jpg,0.5503485798835754,X2.1,"(18, 14)",2011-09-06 22:12:00
2011/09/06/HMI.m2011.09.06_02.00.00.jpg,0.5083038806915283,X2.1,"(18, 14)",2011-09-06 22:12:00
2011/09/06/HMI.m2011.09.06_03.00.00.jpg,0.5206602215766907,X2.1,"(18, 14)",2011-09-06 22:12:00
2011/09/06/HMI.m2011.09.06_04.00.00.jpg,0.4629096686840057,X2.1,"(18, 14)",2011-09-06 22:12:00
2011/09/06/HMI.m2011.09.06_05.00.00.jpg,0.4340248703956604,X2.1,"(18, 14)",2011-09-06 22:12:00
2011/09/06/HMI.m2011.09.06_06.00.00.jpg,0.461082249879837,X2.1,"(18, 14)",2011-09-06 22:12:00
2011/09/06/HMI.m2011.09.06_07.00.00.jpg,0.5281969308853149,X2.1,"(18, 14)",2011-09-06 22:12:00
2011/09/06/HMI.m2011.09.06_08.00.00.jpg,0.5189741849899292,X2.1,"(18, 14)",2011-09-06 22:12:00
2011/09/06/HMI.m2011.09.06_09.00.00.jpg,0.5274659991264343,X2.1,"(18, 14)",2011-09-06 22:12:00
2011/09/06/HMI.m2011.09.06_10.00.00.jpg,0.5742596983909607,X2.1,"(18, 14)",2011-09-06 22:12:00
2011/09/06/HMI.m2011.09.06_11.00.00.jpg,0.5858950614929199,X2.1,"(18, 14)",2011-09-06 22:12:00
2011/09/06/HMI.m2011.09.06_12.00.00.jpg,0.6085039377212524,X2.1,"(18, 14)",2011-09-06 22:12:00
2011/09/06/HMI.m2011.09.06_13.00.00.jpg,0.578225314617157,X2.1,"(18, 14)",2011-09-06 22:12:00
2011/09/06/HMI.m2011.09.06_14.00.00.jpg,0.6069011092185974,X2.1,"(18, 14)",2011-09-06 22:12:00
2011/09/06/HMI.m2011.09.06_15.00.00.jpg,0.6018416285514832,X2.1,"(18, 14)",2011-09-06 22:12:00
2011/09/06/HMI.m2011.09.06_16.00.00.jpg,0.6211512684822083,X2.1,"(18, 14)",2011-09-06 22:12:00
2011/09/06/HMI.m2011.09.06_17.00.00.jpg,0.6190613508224487,X2.1,"(18, 14)",2011-09-06 22:12:00
2011/09/06/HMI.m2011.09.06_18.00.00.jpg,0.6340489387512207,X2.1,"(18, 14)",2011-09-06 22:12:00
2011/09/06/HMI.m2011.09.06_19.00.00.jpg,0.6468824148178101,X2.1,"(18, 14)",2011-09-06 22:12:00
2011/09/06/HMI.m2011.09.06_20.00.00.jpg,0.6179006099700928,X2.1,"(18, 14)",2011-09-06 22:12:00
2011/09/06/HMI.m2011.09.06_21.00.00.jpg,0.619282066822052,X2.1,"(18, 14)",2011-09-06 22:12:00
2011/09/06/HMI.m2011.09.06_22.00.00.jpg,0.5613899230957031,X2.1,"(18, 14)",2011-09-06 22:12:00
2011/09/06/HMI.m2011.09.06_23.00.00.jpg,0.5943030118942261,X1.8,"(28, 14)",2011-09-07 22:32:00
2011/09/07/HMI.m2011.09.07_00.00.00.jpg,0.547840416431427,X1.8,"(28, 14)",2011-09-07 22:32:00
2011/09/07/HMI.m2011.09.07_01.00.00.jpg,0.5910890698432922,X1.8,"(28, 14)",2011-09-07 22:32:00
2011/09/07/HMI.m2011.09.07_02.00.00.jpg,0.5426743626594543,X1.8,"(28, 14)",2011-09-07 22:32:00
2011/09/07/HMI.m2011.09.07_03.00.00.jpg,0.5562310218811035,X1.8,"(28, 14)",2011-09-07 22:32:00
2011/09/07/HMI.m2011.09.07_04.00.00.jpg,0.5759245157241821,X1.8,"(28, 14)",2011-09-07 22:32:00
2011/09/07/HMI.m2011.09.07_05.00.00.jpg,0.58245849609375,X1.8,"(28, 14)",2011-09-07 22:32:00
2011/09/07/HMI.m2011.09.07_06.00.00.jpg,0.5913752317428589,X1.8,"(28, 14)",2011-09-07 22:32:00
2011/09/07/HMI.m2011.09.07_07.00.00.jpg,0.4874039590358734,X1.8,"(28, 14)",2011-09-07 22:32:00
2011/09/07/HMI.m2011.09.07_08.00.00.jpg,0.4785999357700348,X1.8,"(28, 14)",2011-09-07 22:32:00
2011/09/07/HMI.m2011.09.07_09.00.00.jpg,0.5165020823478699,X1.8,"(28, 14)",2011-09-07 22:32:00
2011/09/07/HMI.m2011.09.07_10.00.00.jpg,0.5153661370277405,X1.8,"(28, 14)",2011-09-07 22:32:00
2011/09/07/HMI.m2011.09.07_11.00.00.jpg,0.4767433404922485,X1.8,"(28, 14)",2011-09-07 22:32:00
2011/09/07/HMI.m2011.09.07_12.00.00.jpg,0.4397472441196441,X1.8,"(28, 14)",2011-09-07 22:32:00
2011/09/07/HMI.m2011.09.07_13.00.00.jpg,0.4706422984600067,X1.8,"(28, 14)",2011-09-07 22:32:00
2011/09/07/HMI.m2011.09.07_14.00.00.jpg,0.5561127066612244,X1.8,"(28, 14)",2011-09-07 22:32:00
2011/09/07/HMI.m2011.09.07_15.00.00.jpg,0.5357716083526611,X1.8,"(28, 14)",2011-09-07 22:32:00
2011/09/07/HMI.m2011.09.07_16.00.00.jpg,0.4765048027038574,X1.8,"(28, 14)",2011-09-07 22:32:00
2011/09/07/HMI.m2011.09.07_17.00.00.jpg,0.4924826622009277,X1.8,"(28, 14)",2011-09-07 22:32:00
2011/09/07/HMI.m2011.09.07_18.00.00.jpg,0.4779669642448425,X1.8,"(28, 14)",2011-09-07 22:32:00
2011/09/07/HMI.m2011.09.07_19.00.00.jpg,0.6220793128013611,X1.8,"(28, 14)",2011-09-07 22:32:00
2011/09/07/HMI.m2011.09.07_20.00.00.jpg,0.588060736656189,X1.8,"(28, 14)",2011-09-07 22:32:00
2011/09/07/HMI.m2011.09.07_21.00.00.jpg,0.5617049336433411,X1.8,"(28, 14)",2011-09-07 22:32:00
2011/09/07/HMI.m2011.09.07_22.00.00.jpg,0.6091759204864502,X1.8,"(28, 14)",2011-09-07 22:32:00
2011/09/21/HMI.m2011.09.21_16.00.00.jpg,0.6561486721038818,X1.4,"(-81.59795012173367, 11)",2011-09-22 10:29:00
2011/09/21/HMI.m2011.09.21_17.00.00.jpg,0.6700494885444641,X1.4,"(-81.59795012173367, 11)",2011-09-22 10:29:00
2011/09/21/HMI.m2011.09.21_18.00.00.jpg,0.6789873242378235,X1.4,"(-81.59795012173367, 11)",2011-09-22 10:29:00
2011/09/21/HMI.m2011.09.21_19.00.00.jpg,0.6504289507865906,X1.4,"(-81.59795012173367, 11)",2011-09-22 10:29:00
2011/09/21/HMI.m2011.09.21_20.00.00.jpg,0.6505693197250366,X1.4,"(-81.59795012173367, 11)",2011-09-22 10:29:00
2011/09/21/HMI.m2011.09.21_21.00.00.jpg,0.6930487155914307,X1.4,"(-81.59795012173367, 11)",2011-09-22 10:29:00
2011/09/21/HMI.m2011.09.21_22.00.00.jpg,0.6673653721809387,X1.4,"(-81.59795012173367, 11)",2011-09-22 10:29:00
2011/09/21/HMI.m2011.09.21_23.00.00.jpg,0.5743588209152222,X1.4,"(-81.59795012173367, 11)",2011-09-22 10:29:00
2011/09/22/HMI.m2011.09.22_00.00.00.jpg,0.6299422383308411,X1.4,"(-81.59795012173367, 11)",2011-09-22 10:29:00
2011/09/22/HMI.m2011.09.22_01.00.00.jpg,0.6673811674118042,X1.4,"(-81.59795012173367, 11)",2011-09-22 10:29:00
2011/09/22/HMI.m2011.09.22_02.00.00.jpg,0.6455633640289307,X1.4,"(-81.59795012173367, 11)",2011-09-22 10:29:00
2011/09/22/HMI.m2011.09.22_03.00.00.jpg,0.6829685568809509,X1.4,"(-81.59795012173367, 11)",2011-09-22 10:29:00
2011/09/22/HMI.m2011.09.22_04.00.00.jpg,0.6899676322937012,X1.4,"(-81.59795012173367, 11)",2011-09-22 10:29:00
2011/09/22/HMI.m2011.09.22_05.00.00.jpg,0.6712762117385864,X1.4,"(-81.59795012173367, 11)",2011-09-22 10:29:00
2011/09/22/HMI.m2011.09.22_06.00.00.jpg,0.6960199475288391,X1.4,"(-81.59795012173367, 11)",2011-09-22 10:29:00
2011/09/22/HMI.m2011.09.22_08.00.00.jpg,0.7447144985198975,X1.4,"(-81.59795012173367, 11)",2011-09-22 10:29:00
2011/09/22/HMI.m2011.09.22_09.00.00.jpg,0.7269314527511597,X1.4,"(-81.59795012173367, 11)",2011-09-22 10:29:00
2011/09/22/HMI.m2011.09.22_10.00.00.jpg,0.7414557337760925,X1.4,"(-81.59795012173367, 11)",2011-09-22 10:29:00
2011/09/23/HMI.m2011.09.23_10.00.00.jpg,0.8962880373001099,X1.9,"(-60, 12)",2011-09-24 09:21:00
2011/09/23/HMI.m2011.09.23_12.00.00.jpg,0.8855322599411011,X1.9,"(-60, 12)",2011-09-24 09:21:00
2011/09/23/HMI.m2011.09.23_13.00.00.jpg,0.8962331414222717,X1.9,"(-60, 12)",2011-09-24 09:21:00
2011/09/23/HMI.m2011.09.23_14.00.00.jpg,0.917185604572296,X1.9,"(-60, 12)",2011-09-24 09:21:00
2011/09/23/HMI.m2011.09.23_15.00.00.jpg,0.9224525094032288,X1.9,"(-60, 12)",2011-09-24 09:21:00
2011/09/23/HMI.m2011.09.23_16.00.00.jpg,0.9221903681755066,X1.9,"(-60, 12)",2011-09-24 09:21:00
2011/09/23/HMI.m2011.09.23_17.00.00.jpg,0.9112105369567872,X1.9,"(-60, 12)",2011-09-24 09:21:00
2011/09/23/HMI.m2011.09.23_18.00.00.jpg,0.9107353091239928,X1.9,"(-60, 12)",2011-09-24 09:21:00
2011/09/23/HMI.m2011.09.23_19.00.00.jpg,0.9119554162025452,X1.9,"(-60, 12)",2011-09-24 09:21:00
2011/09/23/HMI.m2011.09.23_21.00.00.jpg,0.918766975402832,X1.9,"(-60, 12)",2011-09-24 09:21:00
2011/09/23/HMI.m2011.09.23_22.00.00.jpg,0.9350630044937134,X1.9,"(-60, 12)",2011-09-24 09:21:00
2011/09/23/HMI.m2011.09.23_23.00.00.jpg,0.9406903386116028,X1.9,"(-60, 12)",2011-09-24 09:21:00
2011/09/24/HMI.m2011.09.24_00.00.00.jpg,0.9399847388267516,X1.9,"(-60, 12)",2011-09-24 09:21:00
2011/09/24/HMI.m2011.09.24_01.00.00.jpg,0.9361948370933532,X1.9,"(-60, 12)",2011-09-24 09:21:00
2011/09/24/HMI.m2011.09.24_02.00.00.jpg,0.9298508763313292,X1.9,"(-60, 12)",2011-09-24 09:21:00
2011/09/24/HMI.m2011.09.24_03.00.00.jpg,0.9286335706710817,X1.9,"(-60, 12)",2011-09-24 09:21:00
2011/09/24/HMI.m2011.09.24_04.00.00.jpg,0.9272857308387756,X1.9,"(-60, 12)",2011-09-24 09:21:00
2011/09/24/HMI.m2011.09.24_05.00.00.jpg,0.9243465662002563,X1.9,"(-60, 12)",2011-09-24 09:21:00
2011/09/24/HMI.m2011.09.24_06.00.00.jpg,0.9267176985740662,X1.9,"(-60, 12)",2011-09-24 09:21:00
2011/09/24/HMI.m2011.09.24_08.00.00.jpg,0.9196068048477172,X1.9,"(-60, 12)",2011-09-24 09:21:00
2011/09/24/HMI.m2011.09.24_09.00.00.jpg,0.896863579750061,X1.9,"(-60, 12)",2011-09-24 09:21:00
2012/07/06/HMI.m2012.07.06_00.00.00.jpg,0.7729885578155518,X1.1,"(49.497108156306524, -18)",2012-07-06 23:01:00
2012/07/06/HMI.m2012.07.06_01.00.00.jpg,0.774740993976593,X1.1,"(49.497108156306524, -18)",2012-07-06 23:01:00
2012/07/06/HMI.m2012.07.06_02.00.00.jpg,0.7959649562835693,X1.1,"(49.497108156306524, -18)",2012-07-06 23:01:00
2012/07/06/HMI.m2012.07.06_03.00.00.jpg,0.7756969332695007,X1.1,"(49.497108156306524, -18)",2012-07-06 23:01:00
2012/07/06/HMI.m2012.07.06_04.00.00.jpg,0.7772862315177917,X1.1,"(49.497108156306524, -18)",2012-07-06 23:01:00
2012/07/06/HMI.m2012.07.06_05.00.00.jpg,0.7991796731948853,X1.1,"(49.497108156306524, -18)",2012-07-06 23:01:00
2012/07/06/HMI.m2012.07.06_06.00.00.jpg,0.786617636680603,X1.1,"(49.497108156306524, -18)",2012-07-06 23:01:00
2012/07/06/HMI.m2012.07.06_07.00.00.jpg,0.7855490446090698,X1.1,"(49.497108156306524, -18)",2012-07-06 23:01:00
2012/07/06/HMI.m2012.07.06_08.00.00.jpg,0.8214892745018005,X1.1,"(49.497108156306524, -18)",2012-07-06 23:01:00
2012/07/06/HMI.m2012.07.06_09.00.00.jpg,0.800414502620697,X1.1,"(49.497108156306524, -18)",2012-07-06 23:01:00
2012/07/06/HMI.m2012.07.06_10.00.00.jpg,0.8251623511314392,X1.1,"(49.497108156306524, -18)",2012-07-06 23:01:00
2012/07/06/HMI.m2012.07.06_11.00.00.jpg,0.8433404564857483,X1.1,"(49.497108156306524, -18)",2012-07-06 23:01:00
2012/07/06/HMI.m2012.07.06_12.00.00.jpg,0.813951313495636,X1.1,"(49.497108156306524, -18)",2012-07-06 23:01:00
2012/07/06/HMI.m2012.07.06_13.00.00.jpg,0.8148510456085205,X1.1,"(49.497108156306524, -18)",2012-07-06 23:01:00
2012/07/06/HMI.m2012.07.06_15.00.00.jpg,0.8109135031700134,X1.1,"(49.497108156306524, -18)",2012-07-06 23:01:00
2012/07/06/HMI.m2012.07.06_16.00.00.jpg,0.8181125521659851,X1.1,"(49.497108156306524, -18)",2012-07-06 23:01:00
2012/07/06/HMI.m2012.07.06_17.00.00.jpg,0.8446788787841797,X1.1,"(49.497108156306524, -18)",2012-07-06 23:01:00
2012/07/06/HMI.m2012.07.06_20.00.00.jpg,0.8589659333229065,X1.1,"(49.497108156306524, -18)",2012-07-06 23:01:00
2012/07/06/HMI.m2012.07.06_21.00.00.jpg,0.8618264198303223,X1.1,"(49.497108156306524, -18)",2012-07-06 23:01:00
2012/07/06/HMI.m2012.07.06_22.00.00.jpg,0.8785790801048279,X1.1,"(49.497108156306524, -18)",2012-07-06 23:01:00
2012/07/06/HMI.m2012.07.06_23.00.00.jpg,0.8983339071273804,X1.1,"(49.497108156306524, -18)",2012-07-06 23:01:00
2012/07/11/HMI.m2012.07.11_16.00.00.jpg,0.8464086651802063,X1.4,"(1, -15)",2012-07-12 15:37:00
2012/07/11/HMI.m2012.07.11_17.00.00.jpg,0.8629628419876099,X1.4,"(1, -15)",2012-07-12 15:37:00
2012/07/11/HMI.m2012.07.11_18.00.00.jpg,0.8496320843696594,X1.4,"(1, -15)",2012-07-12 15:37:00
2012/07/11/HMI.m2012.07.11_19.00.00.jpg,0.8582025170326233,X1.4,"(1, -15)",2012-07-12 15:37:00
2012/07/11/HMI.m2012.07.11_20.00.00.jpg,0.8601829409599304,X1.4,"(1, -15)",2012-07-12 15:37:00
2012/07/11/HMI.m2012.07.11_21.00.00.jpg,0.864035964012146,X1.4,"(1, -15)",2012-07-12 15:37:00
2012/07/11/HMI.m2012.07.11_22.00.00.jpg,0.8593053817749023,X1.4,"(1, -15)",2012-07-12 15:37:00
2012/07/11/HMI.m2012.07.11_23.00.00.jpg,0.8539320230484009,X1.4,"(1, -15)",2012-07-12 15:37:00
2012/07/12/HMI.m2012.07.12_00.00.00.jpg,0.8709816336631775,X1.4,"(1, -15)",2012-07-12 15:37:00
2012/07/12/HMI.m2012.07.12_01.00.00.jpg,0.8664281964302063,X1.4,"(1, -15)",2012-07-12 15:37:00
2012/07/12/HMI.m2012.07.12_02.00.00.jpg,0.878757894039154,X1.4,"(1, -15)",2012-07-12 15:37:00
2012/07/12/HMI.m2012.07.12_03.00.00.jpg,0.8523862957954407,X1.4,"(1, -15)",2012-07-12 15:37:00
2012/07/12/HMI.m2012.07.12_04.00.00.jpg,0.8687663674354553,X1.4,"(1, -15)",2012-07-12 15:37:00
2012/07/12/HMI.m2012.07.12_05.00.00.jpg,0.8690991997718811,X1.4,"(1, -15)",2012-07-12 15:37:00
2012/07/12/HMI.m2012.07.12_06.00.00.jpg,0.8701522350311279,X1.4,"(1, -15)",2012-07-12 15:37:00
2012/07/12/HMI.m2012.07.12_07.00.00.jpg,0.8717314600944519,X1.4,"(1, -15)",2012-07-12 15:37:00
2012/07/12/HMI.m2012.07.12_08.00.00.jpg,0.8540902733802795,X1.4,"(1, -15)",2012-07-12 15:37:00
2012/07/12/HMI.m2012.07.12_09.00.00.jpg,0.8709896206855774,X1.4,"(1, -15)",2012-07-12 15:37:00
2012/07/12/HMI.m2012.07.12_10.00.00.jpg,0.862642228603363,X1.4,"(1, -15)",2012-07-12 15:37:00
2012/07/12/HMI.m2012.07.12_11.00.00.jpg,0.8760839700698853,X1.4,"(1, -15)",2012-07-12 15:37:00
2012/07/12/HMI.m2012.07.12_12.00.00.jpg,0.8487088680267334,X1.4,"(1, -15)",2012-07-12 15:37:00
2012/07/12/HMI.m2012.07.12_13.00.00.jpg,0.8614433407783508,X1.4,"(1, -15)",2012-07-12 15:37:00
2012/07/12/HMI.m2012.07.12_14.00.00.jpg,0.8595645427703857,X1.4,"(1, -15)",2012-07-12 15:37:00
2012/07/12/HMI.m2012.07.12_15.00.00.jpg,0.8758656978607178,X1.4,"(1, -15)",2012-07-12 15:37:00
2014/09/09/HMI.m2014.09.09_18.00.00.jpg,0.7422128915786743,X1.6,"(-2, 14)",2014-09-10 17:21:00
2014/09/09/HMI.m2014.09.09_19.00.00.jpg,0.7364504933357239,X1.6,"(-2, 14)",2014-09-10 17:21:00
2014/09/09/HMI.m2014.09.09_20.00.00.jpg,0.7245622277259827,X1.6,"(-2, 14)",2014-09-10 17:21:00
2014/09/09/HMI.m2014.09.09_21.00.00.jpg,0.759588360786438,X1.6,"(-2, 14)",2014-09-10 17:21:00
2014/09/09/HMI.m2014.09.09_22.00.00.jpg,0.7482424974441528,X1.6,"(-2, 14)",2014-09-10 17:21:00
2014/09/09/HMI.m2014.09.09_23.00.00.jpg,0.7566770315170288,X1.6,"(-2, 14)",2014-09-10 17:21:00
2014/09/10/HMI.m2014.09.10_00.00.00.jpg,0.7376137971878052,X1.6,"(-2, 14)",2014-09-10 17:21:00
2014/09/10/HMI.m2014.09.10_03.00.00.jpg,0.7709953188896179,X1.6,"(-2, 14)",2014-09-10 17:21:00
2014/09/10/HMI.m2014.09.10_04.00.00.jpg,0.7581783533096313,X1.6,"(-2, 14)",2014-09-10 17:21:00
2014/09/10/HMI.m2014.09.10_05.00.00.jpg,0.7758731842041016,X1.6,"(-2, 14)",2014-09-10 17:21:00
2014/09/10/HMI.m2014.09.10_06.00.00.jpg,0.7789670825004578,X1.6,"(-2, 14)",2014-09-10 17:21:00
2014/09/10/HMI.m2014.09.10_08.00.00.jpg,0.8385451436042786,X1.6,"(-2, 14)",2014-09-10 17:21:00
2014/09/10/HMI.m2014.09.10_09.00.00.jpg,0.7694671154022217,X1.6,"(-2, 14)",2014-09-10 17:21:00
2014/09/10/HMI.m2014.09.10_10.00.00.jpg,0.7949009537696838,X1.6,"(-2, 14)",2014-09-10 17:21:00
2014/09/10/HMI.m2014.09.10_11.00.00.jpg,0.7656210064888,X1.6,"(-2, 14)",2014-09-10 17:21:00
2014/09/10/HMI.m2014.09.10_12.00.00.jpg,0.7744545936584473,X1.6,"(-2, 14)",2014-09-10 17:21:00
2014/09/10/HMI.m2014.09.10_13.00.00.jpg,0.7579288482666016,X1.6,"(-2, 14)",2014-09-10 17:21:00
2014/09/10/HMI.m2014.09.10_14.00.00.jpg,0.7763354182243347,X1.6,"(-2, 14)",2014-09-10 17:21:00
2014/09/10/HMI.m2014.09.10_15.00.00.jpg,0.7767277956008911,X1.6,"(-2, 14)",2014-09-10 17:21:00
2014/09/10/HMI.m2014.09.10_16.00.00.jpg,0.7543522715568542,X1.6,"(-2, 14)",2014-09-10 17:21:00
2014/09/10/HMI.m2014.09.10_17.00.00.jpg,0.7669456601142883,X1.6,"(-2, 14)",2014-09-10 17:21:00
2017/09/05/HMI.m2017.09.05_09.00.00.jpg,0.7156885266304016,X2.2,"(33, -7)",2017-09-06 08:57:00
2017/09/05/HMI.m2017.09.05_10.00.00.jpg,0.7243706583976746,X2.2,"(33, -7)",2017-09-06 08:57:00
2017/09/05/HMI.m2017.09.05_11.00.00.jpg,0.7388478517532349,X2.2,"(33, -7)",2017-09-06 08:57:00
2017/09/05/HMI.m2017.09.05_12.00.00.jpg,0.7423053979873657,X9.3,"(33, -8)",2017-09-06 11:53:00
2017/09/05/HMI.m2017.09.05_13.00.00.jpg,0.7406337857246399,X9.3,"(33, -8)",2017-09-06 11:53:00
2017/09/05/HMI.m2017.09.05_14.00.00.jpg,0.7439806461334229,X9.3,"(33, -8)",2017-09-06 11:53:00
2017/09/05/HMI.m2017.09.05_15.00.00.jpg,0.7430525422096252,X9.3,"(33, -8)",2017-09-06 11:53:00
2017/09/05/HMI.m2017.09.05_16.00.00.jpg,0.7632889151573181,X9.3,"(33, -8)",2017-09-06 11:53:00
2017/09/05/HMI.m2017.09.05_17.00.00.jpg,0.7371406555175781,X9.3,"(33, -8)",2017-09-06 11:53:00
2017/09/05/HMI.m2017.09.05_18.00.00.jpg,0.7710201144218445,X9.3,"(33, -8)",2017-09-06 11:53:00
2017/09/05/HMI.m2017.09.05_19.00.00.jpg,0.7718508839607239,X9.3,"(33, -8)",2017-09-06 11:53:00
2017/09/05/HMI.m2017.09.05_20.00.00.jpg,0.7828429341316223,X9.3,"(33, -8)",2017-09-06 11:53:00
2017/09/05/HMI.m2017.09.05_21.00.00.jpg,0.7804985642433167,X9.3,"(33, -8)",2017-09-06 11:53:00
2017/09/05/HMI.m2017.09.05_22.00.00.jpg,0.7644103169441223,X9.3,"(33, -8)",2017-09-06 11:53:00
2017/09/05/HMI.m2017.09.05_23.00.00.jpg,0.8079038858413696,X9.3,"(33, -8)",2017-09-06 11:53:00
2017/09/06/HMI.m2017.09.06_00.00.00.jpg,0.7836422920227051,X9.3,"(33, -8)",2017-09-06 11:53:00
2017/09/06/HMI.m2017.09.06_01.00.00.jpg,0.7853493094444275,X9.3,"(33, -8)",2017-09-06 11:53:00
2017/09/06/HMI.m2017.09.06_02.00.00.jpg,0.8116455674171448,X9.3,"(33, -8)",2017-09-06 11:53:00
2017/09/06/HMI.m2017.09.06_03.00.00.jpg,0.8056837916374207,X9.3,"(33, -8)",2017-09-06 11:53:00
2017/09/06/HMI.m2017.09.06_04.00.00.jpg,0.8502442836761475,X9.3,"(33, -8)",2017-09-06 11:53:00
2017/09/06/HMI.m2017.09.06_05.00.00.jpg,0.8468657732009888,X9.3,"(33, -8)",2017-09-06 11:53:00
2017/09/06/HMI.m2017.09.06_06.00.00.jpg,0.8506855964660645,X9.3,"(33, -8)",2017-09-06 11:53:00
2017/09/06/HMI.m2017.09.06_08.00.00.jpg,0.8551251292228699,X9.3,"(33, -8)",2017-09-06 11:53:00
2017/09/06/HMI.m2017.09.06_09.00.00.jpg,0.8548932075500488,X9.3,"(33, -8)",2017-09-06 11:53:00
2017/09/06/HMI.m2017.09.06_10.00.00.jpg,0.8069377541542053,X9.3,"(33, -8)",2017-09-06 11:53:00
2017/09/06/HMI.m2017.09.06_11.00.00.jpg,0.8267855048179626,X9.3,"(33, -8)",2017-09-06 11:53:00
2017/09/06/HMI.m2017.09.06_15.00.00.jpg,0.82462078332901,X1.3,"(49, -11)",2017-09-07 14:20:00
2017/09/06/HMI.m2017.09.06_16.00.00.jpg,0.7841517925262451,X1.3,"(49, -11)",2017-09-07 14:20:00
2017/09/06/HMI.m2017.09.06_17.00.00.jpg,0.8077887296676636,X1.3,"(49, -11)",2017-09-07 14:20:00
2017/09/06/HMI.m2017.09.06_18.00.00.jpg,0.8213120698928833,X1.3,"(49, -11)",2017-09-07 14:20:00
2017/09/06/HMI.m2017.09.06_19.00.00.jpg,0.8452399373054504,X1.3,"(49, -11)",2017-09-07 14:20:00
2017/09/06/HMI.m2017.09.06_20.00.00.jpg,0.8502077460289001,X1.3,"(49, -11)",2017-09-07 14:20:00
2017/09/06/HMI.m2017.09.06_21.00.00.jpg,0.8146119713783264,X1.3,"(49, -11)",2017-09-07 14:20:00
2017/09/06/HMI.m2017.09.06_22.00.00.jpg,0.7818843126296997,X1.3,"(49, -11)",2017-09-07 14:20:00
2017/09/06/HMI.m2017.09.06_23.00.00.jpg,0.7687353491783142,X1.3,"(49, -11)",2017-09-07 14:20:00
2017/09/07/HMI.m2017.09.07_00.00.00.jpg,0.7830176949501038,X1.3,"(49, -11)",2017-09-07 14:20:00
2017/09/07/HMI.m2017.09.07_01.00.00.jpg,0.782637357711792,X1.3,"(49, -11)",2017-09-07 14:20:00
2017/09/07/HMI.m2017.09.07_02.00.00.jpg,0.8071324229240417,X1.3,"(49, -11)",2017-09-07 14:20:00
2017/09/07/HMI.m2017.09.07_03.00.00.jpg,0.7832460999488831,X1.3,"(49, -11)",2017-09-07 14:20:00
2017/09/07/HMI.m2017.09.07_04.00.00.jpg,0.8177924156188965,X1.3,"(49, -11)",2017-09-07 14:20:00
2017/09/07/HMI.m2017.09.07_05.00.00.jpg,0.8131358623504639,X1.3,"(49, -11)",2017-09-07 14:20:00
2017/09/07/HMI.m2017.09.07_06.00.00.jpg,0.8215563297271729,X1.3,"(49, -11)",2017-09-07 14:20:00
2017/09/07/HMI.m2017.09.07_08.00.00.jpg,0.8307485580444336,X1.3,"(49, -11)",2017-09-07 14:20:00
2017/09/07/HMI.m2017.09.07_09.00.00.jpg,0.7854171395301819,X1.3,"(49, -11)",2017-09-07 14:20:00
2017/09/07/HMI.m2017.09.07_10.00.00.jpg,0.8236531019210815,X1.3,"(49, -11)",2017-09-07 14:20:00
2017/09/07/HMI.m2017.09.07_11.00.00.jpg,0.8234061002731323,X1.3,"(49, -11)",2017-09-07 14:20:00
2017/09/07/HMI.m2017.09.07_12.00.00.jpg,0.830208957195282,X1.3,"(49, -11)",2017-09-07 14:20:00
2017/09/07/HMI.m2017.09.07_13.00.00.jpg,0.843288242816925,X1.3,"(49, -11)",2017-09-07 14:20:00
2017/09/07/HMI.m2017.09.07_14.00.00.jpg,0.8261319398880005,X1.3,"(49, -11)",2017-09-07 14:20:00
2017/09/09/HMI.m2017.09.09_16.00.00.jpg,0.241783395409584,X8.2,"(90, -9)",2017-09-10 15:35:00
2017/09/09/HMI.m2017.09.09_17.00.00.jpg,0.2157753705978393,X8.2,"(90, -9)",2017-09-10 15:35:00
2017/09/09/HMI.m2017.09.09_18.00.00.jpg,0.1969950199127197,X8.2,"(90, -9)",2017-09-10 15:35:00
2017/09/09/HMI.m2017.09.09_19.00.00.jpg,0.1888423711061477,X8.2,"(90, -9)",2017-09-10 15:35:00
2017/09/09/HMI.m2017.09.09_20.00.00.jpg,0.1912465393543243,X8.2,"(90, -9)",2017-09-10 15:35:00
2017/09/09/HMI.m2017.09.09_21.00.00.jpg,0.1999931037425995,X8.2,"(90, -9)",2017-09-10 15:35:00
2017/09/09/HMI.m2017.09.09_22.00.00.jpg,0.1897449791431427,X8.2,"(90, -9)",2017-09-10 15:35:00
2017/09/09/HMI.m2017.09.09_23.00.00.jpg,0.1710487008094787,X8.2,"(90, -9)",2017-09-10 15:35:00
2017/09/10/HMI.m2017.09.10_00.00.00.jpg,0.1606864929199218,X8.2,"(90, -9)",2017-09-10 15:35:00
2017/09/10/HMI.m2017.09.10_01.00.00.jpg,0.1456902474164962,X8.2,"(90, -9)",2017-09-10 15:35:00
2017/09/10/HMI.m2017.09.10_02.00.00.jpg,0.1225957423448562,X8.2,"(90, -9)",2017-09-10 15:35:00
2017/09/10/HMI.m2017.09.10_03.00.00.jpg,0.1253661513328552,X8.2,"(90, -9)",2017-09-10 15:35:00
2017/09/10/HMI.m2017.09.10_04.00.00.jpg,0.129771277308464,X8.2,"(90, -9)",2017-09-10 15:35:00
2017/09/10/HMI.m2017.09.10_05.00.00.jpg,0.1286002546548843,X8.2,"(90, -9)",2017-09-10 15:35:00
2017/09/10/HMI.m2017.09.10_06.00.00.jpg,0.1149488911032676,X8.2,"(90, -9)",2017-09-10 15:35:00
2017/09/10/HMI.m2017.09.10_07.00.00.jpg,0.1182378008961677,X8.2,"(90, -9)",2017-09-10 15:35:00
2017/09/10/HMI.m2017.09.10_08.00.00.jpg,0.1167093813419342,X8.2,"(90, -9)",2017-09-10 15:35:00
2017/09/10/HMI.m2017.09.10_09.00.00.jpg,0.112930417060852,X8.2,"(90, -9)",2017-09-10 15:35:00
2017/09/10/HMI.m2017.09.10_10.00.00.jpg,0.1051170751452446,X8.2,"(90, -9)",2017-09-10 15:35:00
2017/09/10/HMI.m2017.09.10_11.00.00.jpg,0.0983074679970741,X8.2,"(90, -9)",2017-09-10 15:35:00
2017/09/10/HMI.m2017.09.10_12.00.00.jpg,0.0989639312028884,X8.2,"(90, -9)",2017-09-10 15:35:00
2017/09/10/HMI.m2017.09.10_13.00.00.jpg,0.0958011746406555,X8.2,"(90, -9)",2017-09-10 15:35:00
2017/09/10/HMI.m2017.09.10_14.00.00.jpg,0.075829841196537,X8.2,"(90, -9)",2017-09-10 15:35:00
2017/09/10/HMI.m2017.09.10_15.00.00.jpg,0.059158556163311,X8.2,"(90, -9)",2017-09-10 15:35:00
2011/11/02/HMI.m2011.11.02_21.00.00.jpg,0.9446341395378112,X1.9,"(-63, 22)",2011-11-03 20:16:00
2011/11/02/HMI.m2011.11.02_22.00.00.jpg,0.93475079536438,X1.9,"(-63, 22)",2011-11-03 20:16:00
2011/11/02/HMI.m2011.11.02_23.00.00.jpg,0.9280582666397096,X1.9,"(-63, 22)",2011-11-03 20:16:00
2011/11/03/HMI.m2011.11.03_00.00.00.jpg,0.9270167350769044,X1.9,"(-63, 22)",2011-11-03 20:16:00
2011/11/03/HMI.m2011.11.03_01.00.00.jpg,0.950074017047882,X1.9,"(-63, 22)",2011-11-03 20:16:00
2011/11/03/HMI.m2011.11.03_02.00.00.jpg,0.9514905214309692,X1.9,"(-63, 22)",2011-11-03 20:16:00
2011/11/03/HMI.m2011.11.03_03.00.00.jpg,0.9455545544624328,X1.9,"(-63, 22)",2011-11-03 20:16:00
2011/11/03/HMI.m2011.11.03_04.00.00.jpg,0.9418730735778807,X1.9,"(-63, 22)",2011-11-03 20:16:00
2011/11/03/HMI.m2011.11.03_05.00.00.jpg,0.9495120048522948,X1.9,"(-63, 22)",2011-11-03 20:16:00
2011/11/03/HMI.m2011.11.03_06.00.00.jpg,0.951227366924286,X1.9,"(-63, 22)",2011-11-03 20:16:00
2011/11/03/HMI.m2011.11.03_07.00.00.jpg,0.958764910697937,X1.9,"(-63, 22)",2011-11-03 20:16:00
2011/11/03/HMI.m2011.11.03_08.00.00.jpg,0.9647977948188782,X1.9,"(-63, 22)",2011-11-03 20:16:00
2011/11/03/HMI.m2011.11.03_09.00.00.jpg,0.9570475816726683,X1.9,"(-63, 22)",2011-11-03 20:16:00
2011/11/03/HMI.m2011.11.03_10.00.00.jpg,0.9303370118141174,X1.9,"(-63, 22)",2011-11-03 20:16:00
2011/11/03/HMI.m2011.11.03_11.00.00.jpg,0.9172412753105164,X1.9,"(-63, 22)",2011-11-03 20:16:00
2011/11/03/HMI.m2011.11.03_12.00.00.jpg,0.9105260968208312,X1.9,"(-63, 22)",2011-11-03 20:16:00
2011/11/03/HMI.m2011.11.03_13.00.00.jpg,0.909562349319458,X1.9,"(-63, 22)",2011-11-03 20:16:00
2011/11/03/HMI.m2011.11.03_14.00.00.jpg,0.9518477916717528,X1.9,"(-63, 22)",2011-11-03 20:16:00
2011/11/03/HMI.m2011.11.03_15.00.00.jpg,0.9412972927093506,X1.9,"(-63, 22)",2011-11-03 20:16:00
2011/11/03/HMI.m2011.11.03_16.00.00.jpg,0.9411651492118835,X1.9,"(-63, 22)",2011-11-03 20:16:00
2011/11/03/HMI.m2011.11.03_17.00.00.jpg,0.9046189188957214,X1.9,"(-63, 22)",2011-11-03 20:16:00
2011/11/03/HMI.m2011.11.03_18.00.00.jpg,0.8833375573158264,X1.9,"(-63, 22)",2011-11-03 20:16:00
2011/11/03/HMI.m2011.11.03_19.00.00.jpg,0.8217637538909912,X1.9,"(-63, 22)",2011-11-03 20:16:00
2011/11/03/HMI.m2011.11.03_20.00.00.jpg,0.7527273893356323,X1.9,"(-63, 22)",2011-11-03 20:16:00
2012/10/22/HMI.m2012.10.22_04.00.00.jpg,0.584198534488678,X1.8,"(-54.076978753903276, -10)",2012-10-23 03:13:00
2012/10/22/HMI.m2012.10.22_05.00.00.jpg,0.7154068350791931,X1.8,"(-54.076978753903276, -10)",2012-10-23 03:13:00
2012/10/22/HMI.m2012.10.22_06.00.00.jpg,0.7467767596244812,X1.8,"(-54.076978753903276, -10)",2012-10-23 03:13:00
2012/10/22/HMI.m2012.10.22_07.00.00.jpg,0.5992501378059387,X1.8,"(-54.076978753903276, -10)",2012-10-23 03:13:00
2012/10/22/HMI.m2012.10.22_08.00.00.jpg,0.5250850915908813,X1.8,"(-54.076978753903276, -10)",2012-10-23 03:13:00
2012/10/22/HMI.m2012.10.22_09.00.00.jpg,0.5702450275421143,X1.8,"(-54.076978753903276, -10)",2012-10-23 03:13:00
2012/10/22/HMI.m2012.10.22_10.00.00.jpg,0.708581805229187,X1.8,"(-54.076978753903276, -10)",2012-10-23 03:13:00
2012/10/22/HMI.m2012.10.22_11.00.00.jpg,0.7163144946098328,X1.8,"(-54.076978753903276, -10)",2012-10-23 03:13:00
2012/10/22/HMI.m2012.10.22_12.00.00.jpg,0.735014796257019,X1.8,"(-54.076978753903276, -10)",2012-10-23 03:13:00
2012/10/22/HMI.m2012.10.22_13.00.00.jpg,0.4993346631526947,X1.8,"(-54.076978753903276, -10)",2012-10-23 03:13:00
2012/10/22/HMI.m2012.10.22_14.00.00.jpg,0.8087879419326782,X1.8,"(-54.076978753903276, -10)",2012-10-23 03:13:00
2012/10/22/HMI.m2012.10.22_15.00.00.jpg,0.829680323600769,X1.8,"(-54.076978753903276, -10)",2012-10-23 03:13:00
2012/10/22/HMI.m2012.10.22_16.00.00.jpg,0.8579356074333191,X1.8,"(-54.076978753903276, -10)",2012-10-23 03:13:00
2012/10/22/HMI.m2012.10.22_17.00.00.jpg,0.7152386903762817,X1.8,"(-54.076978753903276, -10)",2012-10-23 03:13:00
2012/10/22/HMI.m2012.10.22_18.00.00.jpg,0.7075380086898804,X1.8,"(-54.076978753903276, -10)",2012-10-23 03:13:00
2012/10/22/HMI.m2012.10.22_19.00.00.jpg,0.720113217830658,X1.8,"(-54.076978753903276, -10)",2012-10-23 03:13:00
2012/10/22/HMI.m2012.10.22_20.00.00.jpg,0.2712612748146057,X1.8,"(-54.076978753903276, -10)",2012-10-23 03:13:00
2012/10/22/HMI.m2012.10.22_21.00.00.jpg,0.4842976331710815,X1.8,"(-54.076978753903276, -10)",2012-10-23 03:13:00
2012/10/22/HMI.m2012.10.22_22.00.00.jpg,0.323452889919281,X1.8,"(-54.076978753903276, -10)",2012-10-23 03:13:00
2012/10/22/HMI.m2012.10.22_23.00.00.jpg,0.6445456743240356,X1.8,"(-54.076978753903276, -10)",2012-10-23 03:13:00
2012/10/23/HMI.m2012.10.23_00.00.00.jpg,0.5406185388565063,X1.8,"(-54.076978753903276, -10)",2012-10-23 03:13:00
2012/10/23/HMI.m2012.10.23_01.00.00.jpg,0.4183284044265747,X1.8,"(-54.076978753903276, -10)",2012-10-23 03:13:00
2012/10/23/HMI.m2012.10.23_02.00.00.jpg,0.2963987290859222,X1.8,"(-54.076978753903276, -10)",2012-10-23 03:13:00
2012/10/23/HMI.m2012.10.23_03.00.00.jpg,0.4229057431221008,X1.8,"(-54.076978753903276, -10)",2012-10-23 03:13:00
2013/10/24/HMI.m2013.10.24_08.00.00.jpg,0.9627395868301392,X1.7,"(-68.2981612654861, -8)",2013-10-25 07:53:00
2013/10/24/HMI.m2013.10.24_09.00.00.jpg,0.974311888217926,X1.7,"(-68.2981612654861, -8)",2013-10-25 07:53:00
2013/10/24/HMI.m2013.10.24_10.00.00.jpg,0.9501709342002868,X1.7,"(-68.2981612654861, -8)",2013-10-25 07:53:00
2013/10/24/HMI.m2013.10.24_11.00.00.jpg,0.9688039422035216,X1.7,"(-68.2981612654861, -8)",2013-10-25 07:53:00
2013/10/24/HMI.m2013.10.24_12.00.00.jpg,0.9632153511047364,X1.7,"(-68.2981612654861, -8)",2013-10-25 07:53:00
2013/10/24/HMI.m2013.10.24_13.00.00.jpg,0.9827166795730592,X1.7,"(-68.2981612654861, -8)",2013-10-25 07:53:00
2013/10/24/HMI.m2013.10.24_16.00.00.jpg,0.9434023499488832,X2.1,"(-64.24924615474836, -8)",2013-10-25 14:51:00
2013/10/24/HMI.m2013.10.24_20.00.00.jpg,0.9142656922340392,X2.1,"(-64.24924615474836, -8)",2013-10-25 14:51:00
2013/10/24/HMI.m2013.10.24_21.00.00.jpg,0.9134118556976318,X2.1,"(-64.24924615474836, -8)",2013-10-25 14:51:00
2013/10/24/HMI.m2013.10.24_22.00.00.jpg,0.9322363138198853,X2.1,"(-64.24924615474836, -8)",2013-10-25 14:51:00
2013/10/24/HMI.m2013.10.24_23.00.00.jpg,0.9177841544151306,X2.1,"(-64.24924615474836, -8)",2013-10-25 14:51:00
2013/10/25/HMI.m2013.10.25_00.00.00.jpg,0.942654311656952,X2.1,"(-64.24924615474836, -8)",2013-10-25 14:51:00
2013/10/25/HMI.m2013.10.25_01.00.00.jpg,0.8979983925819397,X2.1,"(-64.24924615474836, -8)",2013-10-25 14:51:00
2013/10/25/HMI.m2013.10.25_02.00.00.jpg,0.8298695683479309,X2.1,"(-64.24924615474836, -8)",2013-10-25 14:51:00
2013/10/25/HMI.m2013.10.25_03.00.00.jpg,0.7909529209136963,X2.1,"(-64.24924615474836, -8)",2013-10-25 14:51:00
2013/10/25/HMI.m2013.10.25_04.00.00.jpg,0.8750786185264587,X2.1,"(-64.24924615474836, -8)",2013-10-25 14:51:00
2013/10/25/HMI.m2013.10.25_05.00.00.jpg,0.8254773616790771,X2.1,"(-64.24924615474836, -8)",2013-10-25 14:51:00
2013/10/25/HMI.m2013.10.25_06.00.00.jpg,0.8642861247062683,X2.1,"(-64.24924615474836, -8)",2013-10-25 14:51:00
2013/10/25/HMI.m2013.10.25_07.00.00.jpg,0.8508418202400208,X2.1,"(-64.24924615474836, -8)",2013-10-25 14:51:00
2013/10/25/HMI.m2013.10.25_08.00.00.jpg,0.9427654147148132,X2.1,"(-64.24924615474836, -8)",2013-10-25 14:51:00
2013/10/25/HMI.m2013.10.25_09.00.00.jpg,0.8252221941947937,X2.1,"(-64.24924615474836, -8)",2013-10-25 14:51:00
2013/10/25/HMI.m2013.10.25_10.00.00.jpg,0.97178053855896,X2.1,"(-64.24924615474836, -8)",2013-10-25 14:51:00
2013/10/25/HMI.m2013.10.25_11.00.00.jpg,0.9743898510932922,X2.1,"(-64.24924615474836, -8)",2013-10-25 14:51:00
2013/10/25/HMI.m2013.10.25_12.00.00.jpg,0.96127450466156,X2.1,"(-64.24924615474836, -8)",2013-10-25 14:51:00
2013/10/25/HMI.m2013.10.25_13.00.00.jpg,0.9727201461791992,X2.1,"(-64.24924615474836, -8)",2013-10-25 14:51:00
2013/10/25/HMI.m2013.10.25_14.00.00.jpg,0.9715574979782104,X2.1,"(-64.24924615474836, -8)",2013-10-25 14:51:00
2013/10/27/HMI.m2013.10.27_02.00.00.jpg,0.9869645833969116,X1.0,"(66, 4)",2013-10-28 01:41:00
2013/10/27/HMI.m2013.10.27_03.00.00.jpg,0.9916312098503112,X1.0,"(66, 4)",2013-10-28 01:41:00
2013/10/27/HMI.m2013.10.27_04.00.00.jpg,0.9935187697410583,X1.0,"(66, 4)",2013-10-28 01:41:00
2013/10/27/HMI.m2013.10.27_05.00.00.jpg,0.993492066860199,X1.0,"(66, 4)",2013-10-28 01:41:00
2013/10/27/HMI.m2013.10.27_06.00.00.jpg,0.991872251033783,X1.0,"(66, 4)",2013-10-28 01:41:00
2013/10/27/HMI.m2013.10.27_07.00.00.jpg,0.9901707768440248,X1.0,"(66, 4)",2013-10-28 01:41:00
2013/10/27/HMI.m2013.10.27_08.00.00.jpg,0.989302098751068,X1.0,"(66, 4)",2013-10-28 01:41:00
2013/10/27/HMI.m2013.10.27_09.00.00.jpg,0.9745349884033204,X1.0,"(66, 4)",2013-10-28 01:41:00
2013/10/27/HMI.m2013.10.27_10.00.00.jpg,0.988089382648468,X1.0,"(66, 4)",2013-10-28 01:41:00
2013/10/27/HMI.m2013.10.27_11.00.00.jpg,0.9846418499946594,X1.0,"(66, 4)",2013-10-28 01:41:00
2013/10/27/HMI.m2013.10.27_12.00.00.jpg,0.979340672492981,X1.0,"(66, 4)",2013-10-28 01:41:00
2013/10/27/HMI.m2013.10.27_13.00.00.jpg,0.9882521033287048,X1.0,"(66, 4)",2013-10-28 01:41:00
2013/10/27/HMI.m2013.10.27_14.00.00.jpg,0.9903196096420288,X1.0,"(66, 4)",2013-10-28 01:41:00
2013/10/27/HMI.m2013.10.27_15.00.00.jpg,0.987623929977417,X1.0,"(66, 4)",2013-10-28 01:41:00
2013/10/27/HMI.m2013.10.27_16.00.00.jpg,0.9897390007972716,X1.0,"(66, 4)",2013-10-28 01:41:00
2013/10/27/HMI.m2013.10.27_17.00.00.jpg,0.985877275466919,X1.0,"(66, 4)",2013-10-28 01:41:00
2013/10/27/HMI.m2013.10.27_18.00.00.jpg,0.97611266374588,X1.0,"(66, 4)",2013-10-28 01:41:00
2013/10/27/HMI.m2013.10.27_19.00.00.jpg,0.9822799563407898,X1.0,"(66, 4)",2013-10-28 01:41:00
2013/10/27/HMI.m2013.10.27_20.00.00.jpg,0.978700578212738,X1.0,"(66, 4)",2013-10-28 01:41:00
2013/10/27/HMI.m2013.10.27_21.00.00.jpg,0.9630115628242492,X1.0,"(66, 4)",2013-10-28 01:41:00
2013/10/27/HMI.m2013.10.27_22.00.00.jpg,0.9712325930595398,X1.0,"(66, 4)",2013-10-28 01:41:00
2013/10/27/HMI.m2013.10.27_23.00.00.jpg,0.970710813999176,X1.0,"(66, 4)",2013-10-28 01:41:00
2013/10/28/HMI.m2013.10.28_00.00.00.jpg,0.9587892293930054,X1.0,"(66, 4)",2013-10-28 01:41:00
2013/10/28/HMI.m2013.10.28_01.00.00.jpg,0.9794265031814576,X1.0,"(66, 4)",2013-10-28 01:41:00
2013/10/29/HMI.m2013.10.29_00.00.00.jpg,0.9892762899398804,X2.3,"(90, 6)",2013-10-29 21:42:00
2013/10/29/HMI.m2013.10.29_01.00.00.jpg,0.989943265914917,X2.3,"(90, 6)",2013-10-29 21:42:00
2013/10/29/HMI.m2013.10.29_02.00.00.jpg,0.9846040606498718,X2.3,"(90, 6)",2013-10-29 21:42:00
2013/10/29/HMI.m2013.10.29_03.00.00.jpg,0.983803689479828,X2.3,"(90, 6)",2013-10-29 21:42:00
2013/10/29/HMI.m2013.10.29_04.00.00.jpg,0.982448399066925,X2.3,"(90, 6)",2013-10-29 21:42:00
2013/10/29/HMI.m2013.10.29_05.00.00.jpg,0.977694034576416,X2.3,"(90, 6)",2013-10-29 21:42:00
2013/10/29/HMI.m2013.10.29_06.00.00.jpg,0.9808908700942992,X2.3,"(90, 6)",2013-10-29 21:42:00
2013/10/29/HMI.m2013.10.29_07.00.00.jpg,0.984013855457306,X2.3,"(90, 6)",2013-10-29 21:42:00
2013/10/29/HMI.m2013.10.29_08.00.00.jpg,0.9648207426071168,X2.3,"(90, 6)",2013-10-29 21:42:00
2013/10/29/HMI.m2013.10.29_09.00.00.jpg,0.9811459183692932,X2.3,"(90, 6)",2013-10-29 21:42:00
2013/10/29/HMI.m2013.10.29_10.00.00.jpg,0.987473726272583,X2.3,"(90, 6)",2013-10-29 21:42:00
2013/11/04/HMI.m2013.11.04_23.00.00.jpg,0.979580581188202,X3.3,"(-46, -12)",2013-11-05 22:07:00
2013/11/05/HMI.m2013.11.05_00.00.00.jpg,0.9812140464782716,X3.3,"(-46, -12)",2013-11-05 22:07:00
2013/11/05/HMI.m2013.11.05_01.00.00.jpg,0.971834361553192,X3.3,"(-46, -12)",2013-11-05 22:07:00
2013/11/05/HMI.m2013.11.05_02.00.00.jpg,0.9624907970428468,X3.3,"(-46, -12)",2013-11-05 22:07:00
2013/11/05/HMI.m2013.11.05_03.00.00.jpg,0.9787266254425048,X3.3,"(-46, -12)",2013-11-05 22:07:00
2013/11/05/HMI.m2013.11.05_04.00.00.jpg,0.9625431895256042,X3.3,"(-46, -12)",2013-11-05 22:07:00
2013/11/05/HMI.m2013.11.05_05.00.00.jpg,0.9480265378952026,X3.3,"(-46, -12)",2013-11-05 22:07:00
2013/11/05/HMI.m2013.11.05_06.00.00.jpg,0.955840826034546,X3.3,"(-46, -12)",2013-11-05 22:07:00
2013/11/05/HMI.m2013.11.05_07.00.00.jpg,0.9487781524658204,X3.3,"(-46, -12)",2013-11-05 22:07:00
2013/11/05/HMI.m2013.11.05_08.00.00.jpg,0.9423213601112366,X3.3,"(-46, -12)",2013-11-05 22:07:00
2013/11/05/HMI.m2013.11.05_09.00.00.jpg,0.9689837098121644,X3.3,"(-46, -12)",2013-11-05 22:07:00
2013/11/05/HMI.m2013.11.05_10.00.00.jpg,0.9603452682495116,X3.3,"(-46, -12)",2013-11-05 22:07:00
2013/11/05/HMI.m2013.11.05_11.00.00.jpg,0.9774268865585328,X3.3,"(-46, -12)",2013-11-05 22:07:00
2013/11/05/HMI.m2013.11.05_12.00.00.jpg,0.9755374193191528,X3.3,"(-46, -12)",2013-11-05 22:07:00
2013/11/05/HMI.m2013.11.05_13.00.00.jpg,0.9677481055259703,X3.3,"(-46, -12)",2013-11-05 22:07:00
2013/11/05/HMI.m2013.11.05_14.00.00.jpg,0.9738953709602356,X3.3,"(-46, -12)",2013-11-05 22:07:00
2013/11/05/HMI.m2013.11.05_15.00.00.jpg,0.9403814673423768,X3.3,"(-46, -12)",2013-11-05 22:07:00
2013/11/05/HMI.m2013.11.05_16.00.00.jpg,0.9599118232727052,X3.3,"(-46, -12)",2013-11-05 22:07:00
2013/11/05/HMI.m2013.11.05_17.00.00.jpg,0.9365602135658264,X3.3,"(-46, -12)",2013-11-05 22:07:00
2013/11/05/HMI.m2013.11.05_18.00.00.jpg,0.9562511444091796,X3.3,"(-46, -12)",2013-11-05 22:07:00
2013/11/05/HMI.m2013.11.05_19.00.00.jpg,0.9643341898918152,X3.3,"(-46, -12)",2013-11-05 22:07:00
2013/11/05/HMI.m2013.11.05_20.00.00.jpg,0.9556317329406738,X3.3,"(-46, -12)",2013-11-05 22:07:00
2013/11/05/HMI.m2013.11.05_21.00.00.jpg,0.9652665257453918,X3.3,"(-46, -12)",2013-11-05 22:07:00
2013/11/05/HMI.m2013.11.05_22.00.00.jpg,0.9719630479812622,X3.3,"(-46, -12)",2013-11-05 22:07:00
2013/11/07/HMI.m2013.11.07_05.00.00.jpg,0.9039421081542968,X1.1,"(-15, -14)",2013-11-08 04:20:00
2013/11/07/HMI.m2013.11.07_06.00.00.jpg,0.802412211894989,X1.1,"(-15, -14)",2013-11-08 04:20:00
2013/11/07/HMI.m2013.11.07_07.00.00.jpg,0.7267167568206787,X1.1,"(-15, -14)",2013-11-08 04:20:00
2013/11/07/HMI.m2013.11.07_08.00.00.jpg,0.820375919342041,X1.1,"(-15, -14)",2013-11-08 04:20:00
2013/11/07/HMI.m2013.11.07_09.00.00.jpg,0.7837817668914795,X1.1,"(-15, -14)",2013-11-08 04:20:00
2013/11/07/HMI.m2013.11.07_10.00.00.jpg,0.8999085426330566,X1.1,"(-15, -14)",2013-11-08 04:20:00
2013/11/07/HMI.m2013.11.07_11.00.00.jpg,0.6445975303649902,X1.1,"(-15, -14)",2013-11-08 04:20:00
2013/11/07/HMI.m2013.11.07_12.00.00.jpg,0.608888566493988,X1.1,"(-15, -14)",2013-11-08 04:20:00
2013/11/07/HMI.m2013.11.07_13.00.00.jpg,0.686158299446106,X1.1,"(-15, -14)",2013-11-08 04:20:00
2013/11/07/HMI.m2013.11.07_14.00.00.jpg,0.7190487384796143,X1.1,"(-15, -14)",2013-11-08 04:20:00
2013/11/07/HMI.m2013.11.07_15.00.00.jpg,0.7374102473258972,X1.1,"(-15, -14)",2013-11-08 04:20:00
2013/11/07/HMI.m2013.11.07_16.00.00.jpg,0.302499920129776,X1.1,"(-15, -14)",2013-11-08 04:20:00
2013/11/07/HMI.m2013.11.07_17.00.00.jpg,0.5549225211143494,X1.1,"(-15, -14)",2013-11-08 04:20:00
2013/11/07/HMI.m2013.11.07_18.00.00.jpg,0.6569344997406006,X1.1,"(-15, -14)",2013-11-08 04:20:00
2013/11/07/HMI.m2013.11.07_19.00.00.jpg,0.8807108402252197,X1.1,"(-15, -14)",2013-11-08 04:20:00
2013/11/07/HMI.m2013.11.07_20.00.00.jpg,0.3722054362297058,X1.1,"(-15, -14)",2013-11-08 04:20:00
2013/11/07/HMI.m2013.11.07_21.00.00.jpg,0.6628552675247192,X1.1,"(-15, -14)",2013-11-08 04:20:00
2013/11/07/HMI.m2013.11.07_22.00.00.jpg,0.6548405289649963,X1.1,"(-15, -14)",2013-11-08 04:20:00
2013/11/07/HMI.m2013.11.07_23.00.00.jpg,0.876554012298584,X1.1,"(-15, -14)",2013-11-08 04:20:00
2013/11/08/HMI.m2013.11.08_00.00.00.jpg,0.634263277053833,X1.1,"(-15, -14)",2013-11-08 04:20:00
2013/11/08/HMI.m2013.11.08_01.00.00.jpg,0.6135337948799133,X1.1,"(-15, -14)",2013-11-08 04:20:00
2013/11/08/HMI.m2013.11.08_02.00.00.jpg,0.6209148168563843,X1.1,"(-15, -14)",2013-11-08 04:20:00
2013/11/08/HMI.m2013.11.08_03.00.00.jpg,0.8678472638130188,X1.1,"(-15, -14)",2013-11-08 04:20:00
2013/11/08/HMI.m2013.11.08_04.00.00.jpg,0.8674379587173462,X1.1,"(-15, -14)",2013-11-08 04:20:00
2013/11/09/HMI.m2013.11.09_06.00.00.jpg,0.8332148790359497,X1.1,"(13, -14)",2013-11-10 05:08:00
2013/11/10/HMI.m2013.11.10_00.00.00.jpg,0.3946857750415802,X1.1,"(13, -14)",2013-11-10 05:08:00
2013/11/10/HMI.m2013.11.10_01.00.00.jpg,0.2037223577499389,X1.1,"(13, -14)",2013-11-10 05:08:00
2013/11/10/HMI.m2013.11.10_02.00.00.jpg,0.2359549105167389,X1.1,"(13, -14)",2013-11-10 05:08:00
2013/11/10/HMI.m2013.11.10_03.00.00.jpg,0.5740916728973389,X1.1,"(13, -14)",2013-11-10 05:08:00
2013/11/10/HMI.m2013.11.10_04.00.00.jpg,0.5913441181182861,X1.1,"(13, -14)",2013-11-10 05:08:00
2013/11/10/HMI.m2013.11.10_05.00.00.jpg,0.5830223560333252,X1.1,"(13, -14)",2013-11-10 05:08:00
2013/11/18/HMI.m2013.11.18_11.00.00.jpg,0.9271965622901917,X1.0,"(72.09391758558833, -13)",2013-11-19 10:14:00
2013/11/18/HMI.m2013.11.18_12.00.00.jpg,0.9209619760513306,X1.0,"(72.09391758558833, -13)",2013-11-19 10:14:00
2013/11/18/HMI.m2013.11.18_13.00.00.jpg,0.9269116520881652,X1.0,"(72.09391758558833, -13)",2013-11-19 10:14:00
2013/11/18/HMI.m2013.11.18_14.00.00.jpg,0.902049958705902,X1.0,"(72.09391758558833, -13)",2013-11-19 10:14:00
2013/11/18/HMI.m2013.11.18_15.00.00.jpg,0.9153581857681274,X1.0,"(72.09391758558833, -13)",2013-11-19 10:14:00
2013/11/18/HMI.m2013.11.18_16.00.00.jpg,0.9189442992210388,X1.0,"(72.09391758558833, -13)",2013-11-19 10:14:00
2013/11/18/HMI.m2013.11.18_17.00.00.jpg,0.9227174520492554,X1.0,"(72.09391758558833, -13)",2013-11-19 10:14:00
2013/11/18/HMI.m2013.11.18_18.00.00.jpg,0.8927230834960938,X1.0,"(72.09391758558833, -13)",2013-11-19 10:14:00
2013/11/18/HMI.m2013.11.18_19.00.00.jpg,0.9229096174240112,X1.0,"(72.09391758558833, -13)",2013-11-19 10:14:00
2013/11/18/HMI.m2013.11.18_20.00.00.jpg,0.9289055466651917,X1.0,"(72.09391758558833, -13)",2013-11-19 10:14:00
2013/11/18/HMI.m2013.11.18_21.00.00.jpg,0.9129019975662231,X1.0,"(72.09391758558833, -13)",2013-11-19 10:14:00
2013/11/18/HMI.m2013.11.18_22.00.00.jpg,0.8437610268592834,X1.0,"(72.09391758558833, -13)",2013-11-19 10:14:00
2013/11/18/HMI.m2013.11.18_23.00.00.jpg,0.9197851419448853,X1.0,"(72.09391758558833, -13)",2013-11-19 10:14:00
2013/11/19/HMI.m2013.11.19_00.00.00.jpg,0.9176412224769592,X1.0,"(72.09391758558833, -13)",2013-11-19 10:14:00
2013/11/19/HMI.m2013.11.19_01.00.00.jpg,0.8750479817390442,X1.0,"(72.09391758558833, -13)",2013-11-19 10:14:00
2013/11/19/HMI.m2013.11.19_02.00.00.jpg,0.6215306520462036,X1.0,"(72.09391758558833, -13)",2013-11-19 10:14:00
2013/11/19/HMI.m2013.11.19_03.00.00.jpg,0.8183965682983398,X1.0,"(72.09391758558833, -13)",2013-11-19 10:14:00
2013/11/19/HMI.m2013.11.19_04.00.00.jpg,0.8589333891868591,X1.0,"(72.09391758558833, -13)",2013-11-19 10:14:00
2013/11/19/HMI.m2013.11.19_05.00.00.jpg,0.888157069683075,X1.0,"(72.09391758558833, -13)",2013-11-19 10:14:00
2013/11/19/HMI.m2013.11.19_06.00.00.jpg,0.89734947681427,X1.0,"(72.09391758558833, -13)",2013-11-19 10:14:00
2013/11/19/HMI.m2013.11.19_07.00.00.jpg,0.9276440143585204,X1.0,"(72.09391758558833, -13)",2013-11-19 10:14:00
2013/11/19/HMI.m2013.11.19_08.00.00.jpg,0.9359066486358644,X1.0,"(72.09391758558833, -13)",2013-11-19 10:14:00
2013/11/19/HMI.m2013.11.19_09.00.00.jpg,0.8992953300476074,X1.0,"(72.09391758558833, -13)",2013-11-19 10:14:00
2013/11/19/HMI.m2013.11.19_10.00.00.jpg,0.8529856204986572,X1.0,"(72.09391758558833, -13)",2013-11-19 10:14:00
2014/10/18/HMI.m2014.10.18_05.00.00.jpg,0.9309609532356262,X1.1,"(-53.050388133493186, -13)",2014-10-19 04:17:00
2014/10/18/HMI.m2014.10.18_06.00.00.jpg,0.8963622450828552,X1.1,"(-53.050388133493186, -13)",2014-10-19 04:17:00
2014/10/18/HMI.m2014.10.18_07.00.00.jpg,0.7101038098335266,X1.1,"(-53.050388133493186, -13)",2014-10-19 04:17:00
2014/10/18/HMI.m2014.10.18_08.00.00.jpg,0.464312881231308,X1.1,"(-53.050388133493186, -13)",2014-10-19 04:17:00
2014/10/18/HMI.m2014.10.18_09.00.00.jpg,0.4228729009628296,X1.1,"(-53.050388133493186, -13)",2014-10-19 04:17:00
2014/10/18/HMI.m2014.10.18_10.00.00.jpg,0.5274714231491089,X1.1,"(-53.050388133493186, -13)",2014-10-19 04:17:00
2014/10/18/HMI.m2014.10.18_11.00.00.jpg,0.5258747339248657,X1.1,"(-53.050388133493186, -13)",2014-10-19 04:17:00
2014/10/18/HMI.m2014.10.18_12.00.00.jpg,0.6179597973823547,X1.1,"(-53.050388133493186, -13)",2014-10-19 04:17:00
2014/10/18/HMI.m2014.10.18_13.00.00.jpg,0.6850842833518982,X1.1,"(-53.050388133493186, -13)",2014-10-19 04:17:00
2014/10/18/HMI.m2014.10.18_14.00.00.jpg,0.7624547481536865,X1.1,"(-53.050388133493186, -13)",2014-10-19 04:17:00
2014/10/18/HMI.m2014.10.18_15.00.00.jpg,0.3579659163951874,X1.1,"(-53.050388133493186, -13)",2014-10-19 04:17:00
2014/10/18/HMI.m2014.10.18_16.00.00.jpg,0.6224608421325684,X1.1,"(-53.050388133493186, -13)",2014-10-19 04:17:00
2014/10/18/HMI.m2014.10.18_17.00.00.jpg,0.4215126037597656,X1.1,"(-53.050388133493186, -13)",2014-10-19 04:17:00
2014/10/18/HMI.m2014.10.18_18.00.00.jpg,0.3402631878852844,X1.1,"(-53.050388133493186, -13)",2014-10-19 04:17:00
2014/10/18/HMI.m2014.10.18_19.00.00.jpg,0.5338901281356812,X1.1,"(-53.050388133493186, -13)",2014-10-19 04:17:00
2014/10/18/HMI.m2014.10.18_20.00.00.jpg,0.5734604001045227,X1.1,"(-53.050388133493186, -13)",2014-10-19 04:17:00
2014/10/18/HMI.m2014.10.18_21.00.00.jpg,0.4539009630680084,X1.1,"(-53.050388133493186, -13)",2014-10-19 04:17:00
2014/10/18/HMI.m2014.10.18_22.00.00.jpg,0.5928928256034851,X1.1,"(-53.050388133493186, -13)",2014-10-19 04:17:00
2014/10/18/HMI.m2014.10.18_23.00.00.jpg,0.8743156790733337,X1.1,"(-53.050388133493186, -13)",2014-10-19 04:17:00
2014/10/19/HMI.m2014.10.19_00.00.00.jpg,0.8560153245925903,X1.1,"(-53.050388133493186, -13)",2014-10-19 04:17:00
2014/10/19/HMI.m2014.10.19_01.00.00.jpg,0.8869580626487732,X1.1,"(-53.050388133493186, -13)",2014-10-19 04:17:00
2014/10/19/HMI.m2014.10.19_02.00.00.jpg,0.9158872961997986,X1.1,"(-53.050388133493186, -13)",2014-10-19 04:17:00
2014/10/19/HMI.m2014.10.19_03.00.00.jpg,0.8900355100631714,X1.1,"(-53.050388133493186, -13)",2014-10-19 04:17:00
2014/10/19/HMI.m2014.10.19_04.00.00.jpg,0.4839079678058624,X1.1,"(-53.050388133493186, -13)",2014-10-19 04:17:00
2014/10/21/HMI.m2014.10.21_15.00.00.jpg,0.947902500629425,X1.6,"(-13, -14)",2014-10-22 14:02:00
2014/10/21/HMI.m2014.10.21_16.00.00.jpg,0.9549230933189392,X1.6,"(-13, -14)",2014-10-22 14:02:00
2014/10/21/HMI.m2014.10.21_17.00.00.jpg,0.9647508263587952,X1.6,"(-13, -14)",2014-10-22 14:02:00
2014/10/21/HMI.m2014.10.21_18.00.00.jpg,0.9578750729560852,X1.6,"(-13, -14)",2014-10-22 14:02:00
2014/10/21/HMI.m2014.10.21_19.00.00.jpg,0.9612998366355896,X1.6,"(-13, -14)",2014-10-22 14:02:00
2014/10/21/HMI.m2014.10.21_20.00.00.jpg,0.9652780294418336,X1.6,"(-13, -14)",2014-10-22 14:02:00
2014/10/21/HMI.m2014.10.21_21.00.00.jpg,0.961369812488556,X1.6,"(-13, -14)",2014-10-22 14:02:00
2014/10/21/HMI.m2014.10.21_22.00.00.jpg,0.957587718963623,X1.6,"(-13, -14)",2014-10-22 14:02:00
2014/10/21/HMI.m2014.10.21_23.00.00.jpg,0.9405028223991394,X1.6,"(-13, -14)",2014-10-22 14:02:00
2014/10/22/HMI.m2014.10.22_00.00.00.jpg,0.9356749057769777,X1.6,"(-13, -14)",2014-10-22 14:02:00
2014/10/22/HMI.m2014.10.22_01.00.00.jpg,0.9452975392341614,X1.6,"(-13, -14)",2014-10-22 14:02:00
2014/10/22/HMI.m2014.10.22_02.00.00.jpg,0.935190975666046,X1.6,"(-13, -14)",2014-10-22 14:02:00
2014/10/22/HMI.m2014.10.22_03.00.00.jpg,0.9461467266082764,X1.6,"(-13, -14)",2014-10-22 14:02:00
2014/10/22/HMI.m2014.10.22_04.00.00.jpg,0.933851957321167,X1.6,"(-13, -14)",2014-10-22 14:02:00
2014/10/22/HMI.m2014.10.22_05.00.00.jpg,0.954805850982666,X1.6,"(-13, -14)",2014-10-22 14:02:00
2014/10/22/HMI.m2014.10.22_06.00.00.jpg,0.9529531002044678,X1.6,"(-13, -14)",2014-10-22 14:02:00
2014/10/22/HMI.m2014.10.22_07.00.00.jpg,0.9672645926475524,X1.6,"(-13, -14)",2014-10-22 14:02:00
2014/10/22/HMI.m2014.10.22_08.00.00.jpg,0.9750468730926514,X1.6,"(-13, -14)",2014-10-22 14:02:00
2014/10/22/HMI.m2014.10.22_09.00.00.jpg,0.9609622955322266,X1.6,"(-13, -14)",2014-10-22 14:02:00
2014/10/22/HMI.m2014.10.22_10.00.00.jpg,0.9670336842536926,X1.6,"(-13, -14)",2014-10-22 14:02:00
2014/10/22/HMI.m2014.10.22_11.00.00.jpg,0.962996542453766,X1.6,"(-13, -14)",2014-10-22 14:02:00
2014/10/22/HMI.m2014.10.22_12.00.00.jpg,0.9694659113883972,X1.6,"(-13, -14)",2014-10-22 14:02:00
2014/10/22/HMI.m2014.10.22_13.00.00.jpg,0.9728767275810242,X1.6,"(-13, -14)",2014-10-22 14:02:00
2014/10/22/HMI.m2014.10.22_14.00.00.jpg,0.9633362889289856,X1.6,"(-13, -14)",2014-10-22 14:02:00
2014/10/23/HMI.m2014.10.23_22.00.00.jpg,0.981253981590271,X3.1,"(21, -16)",2014-10-24 21:07:00
2014/10/23/HMI.m2014.10.23_23.00.00.jpg,0.9811980128288268,X3.1,"(21, -16)",2014-10-24 21:07:00
2014/10/24/HMI.m2014.10.24_00.00.00.jpg,0.9650624990463256,X3.1,"(21, -16)",2014-10-24 21:07:00
2014/10/24/HMI.m2014.10.24_01.00.00.jpg,0.957276463508606,X3.1,"(21, -16)",2014-10-24 21:07:00
2014/10/24/HMI.m2014.10.24_02.00.00.jpg,0.9707826972007751,X3.1,"(21, -16)",2014-10-24 21:07:00
2014/10/24/HMI.m2014.10.24_03.00.00.jpg,0.9647645950317384,X3.1,"(21, -16)",2014-10-24 21:07:00
2014/10/24/HMI.m2014.10.24_04.00.00.jpg,0.955966055393219,X3.1,"(21, -16)",2014-10-24 21:07:00
2014/10/24/HMI.m2014.10.24_05.00.00.jpg,0.9617969989776612,X3.1,"(21, -16)",2014-10-24 21:07:00
2014/10/24/HMI.m2014.10.24_06.00.00.jpg,0.9653446078300476,X3.1,"(21, -16)",2014-10-24 21:07:00
2014/10/24/HMI.m2014.10.24_07.00.00.jpg,0.9576231241226196,X3.1,"(21, -16)",2014-10-24 21:07:00
2014/10/24/HMI.m2014.10.24_08.00.00.jpg,0.9694190621376038,X3.1,"(21, -16)",2014-10-24 21:07:00
2014/10/24/HMI.m2014.10.24_09.00.00.jpg,0.9204222559928894,X3.1,"(21, -16)",2014-10-24 21:07:00
2014/10/24/HMI.m2014.10.24_10.00.00.jpg,0.945172905921936,X3.1,"(21, -16)",2014-10-24 21:07:00
2014/10/24/HMI.m2014.10.24_11.00.00.jpg,0.9593929648399352,X3.1,"(21, -16)",2014-10-24 21:07:00
2014/10/24/HMI.m2014.10.24_12.00.00.jpg,0.955347776412964,X3.1,"(21, -16)",2014-10-24 21:07:00
2014/10/24/HMI.m2014.10.24_13.00.00.jpg,0.941992998123169,X3.1,"(21, -16)",2014-10-24 21:07:00
2014/10/24/HMI.m2014.10.24_14.00.00.jpg,0.9141639471054076,X3.1,"(21, -16)",2014-10-24 21:07:00
2014/10/24/HMI.m2014.10.24_15.00.00.jpg,0.9533348679542542,X3.1,"(21, -16)",2014-10-24 21:07:00
2014/10/24/HMI.m2014.10.24_16.00.00.jpg,0.955746054649353,X3.1,"(21, -16)",2014-10-24 21:07:00
2014/10/24/HMI.m2014.10.24_17.00.00.jpg,0.922888994216919,X3.1,"(21, -16)",2014-10-24 21:07:00
2014/10/24/HMI.m2014.10.24_18.00.00.jpg,0.9377568364143372,X3.1,"(21, -16)",2014-10-24 21:07:00
2014/10/24/HMI.m2014.10.24_19.00.00.jpg,0.8924345374107361,X3.1,"(21, -16)",2014-10-24 21:07:00
2014/10/24/HMI.m2014.10.24_20.00.00.jpg,0.9415475726127625,X3.1,"(21, -16)",2014-10-24 21:07:00
2014/10/24/HMI.m2014.10.24_21.00.00.jpg,0.9470903277397156,X3.1,"(21, -16)",2014-10-24 21:07:00
2014/10/24/HMI.m2014.10.24_22.00.00.jpg,0.9356204271316528,X1.0,"(31, -16)",2014-10-25 16:55:00
2014/10/24/HMI.m2014.10.24_23.00.00.jpg,0.9135428071022034,X1.0,"(31, -16)",2014-10-25 16:55:00
2014/10/25/HMI.m2014.10.25_00.00.00.jpg,0.9438847899436952,X1.0,"(31, -16)",2014-10-25 16:55:00
2014/10/25/HMI.m2014.10.25_01.00.00.jpg,0.9543963074684144,X1.0,"(31, -16)",2014-10-25 16:55:00
2014/10/25/HMI.m2014.10.25_02.00.00.jpg,0.9581725597381592,X1.0,"(31, -16)",2014-10-25 16:55:00
2014/10/25/HMI.m2014.10.25_03.00.00.jpg,0.9610635042190552,X1.0,"(31, -16)",2014-10-25 16:55:00
2014/10/25/HMI.m2014.10.25_04.00.00.jpg,0.9323371052742004,X1.0,"(31, -16)",2014-10-25 16:55:00
2014/10/25/HMI.m2014.10.25_05.00.00.jpg,0.959276795387268,X1.0,"(31, -16)",2014-10-25 16:55:00
2014/10/25/HMI.m2014.10.25_06.00.00.jpg,0.9560499787330629,X1.0,"(31, -16)",2014-10-25 16:55:00
2014/10/25/HMI.m2014.10.25_07.00.00.jpg,0.9766091704368592,X1.0,"(31, -16)",2014-10-25 16:55:00
2014/10/25/HMI.m2014.10.25_08.00.00.jpg,0.954919934272766,X1.0,"(31, -16)",2014-10-25 16:55:00
2014/10/25/HMI.m2014.10.25_09.00.00.jpg,0.9620330929756165,X1.0,"(31, -16)",2014-10-25 16:55:00
2014/10/25/HMI.m2014.10.25_10.00.00.jpg,0.9726261496543884,X1.0,"(31, -16)",2014-10-25 16:55:00
2014/10/25/HMI.m2014.10.25_11.00.00.jpg,0.9654250144958496,X2.0,"(40, -18)",2014-10-26 10:04:00
2014/10/25/HMI.m2014.10.25_12.00.00.jpg,0.9636595249176024,X2.0,"(40, -18)",2014-10-26 10:04:00
2014/10/25/HMI.m2014.10.25_13.00.00.jpg,0.9234042763710022,X2.0,"(40, -18)",2014-10-26 10:04:00
2014/10/25/HMI.m2014.10.25_14.00.00.jpg,0.942106544971466,X2.0,"(40, -18)",2014-10-26 10:04:00
2014/10/25/HMI.m2014.10.25_15.00.00.jpg,0.9427249431610109,X2.0,"(40, -18)",2014-10-26 10:04:00
2014/10/25/HMI.m2014.10.25_16.00.00.jpg,0.953676164150238,X2.0,"(40, -18)",2014-10-26 10:04:00
2014/10/25/HMI.m2014.10.25_17.00.00.jpg,0.9597495198249816,X2.0,"(40, -18)",2014-10-26 10:04:00
2014/10/25/HMI.m2014.10.25_18.00.00.jpg,0.929740309715271,X2.0,"(40, -18)",2014-10-26 10:04:00
2014/10/25/HMI.m2014.10.25_19.00.00.jpg,0.9617800116539,X2.0,"(40, -18)",2014-10-26 10:04:00
2014/10/25/HMI.m2014.10.25_20.00.00.jpg,0.9685348272323608,X2.0,"(40, -18)",2014-10-26 10:04:00
2014/10/25/HMI.m2014.10.25_21.00.00.jpg,0.9775519371032716,X2.0,"(40, -18)",2014-10-26 10:04:00
2014/10/25/HMI.m2014.10.25_22.00.00.jpg,0.9546310305595398,X2.0,"(40, -18)",2014-10-26 10:04:00
2014/10/25/HMI.m2014.10.25_23.00.00.jpg,0.9250829815864564,X2.0,"(40, -18)",2014-10-26 10:04:00
2014/10/26/HMI.m2014.10.26_00.00.00.jpg,0.9330134987831116,X2.0,"(40, -18)",2014-10-26 10:04:00
2014/10/26/HMI.m2014.10.26_01.00.00.jpg,0.9053939580917358,X2.0,"(40, -18)",2014-10-26 10:04:00
2014/10/26/HMI.m2014.10.26_02.00.00.jpg,0.9162138104438782,X2.0,"(40, -18)",2014-10-26 10:04:00
2014/10/26/HMI.m2014.10.26_03.00.00.jpg,0.9348639249801636,X2.0,"(40, -18)",2014-10-26 10:04:00
2014/10/26/HMI.m2014.10.26_04.00.00.jpg,0.9408955574035645,X2.0,"(40, -18)",2014-10-26 10:04:00
2014/10/26/HMI.m2014.10.26_05.00.00.jpg,0.9390302300453186,X2.0,"(40, -18)",2014-10-26 10:04:00
2014/10/26/HMI.m2014.10.26_06.00.00.jpg,0.930931806564331,X2.0,"(40, -18)",2014-10-26 10:04:00
2014/10/26/HMI.m2014.10.26_07.00.00.jpg,0.939253866672516,X2.0,"(40, -18)",2014-10-26 10:04:00
2014/10/26/HMI.m2014.10.26_08.00.00.jpg,0.9436827301979064,X2.0,"(40, -18)",2014-10-26 10:04:00
2014/10/26/HMI.m2014.10.26_09.00.00.jpg,0.8840638995170593,X2.0,"(40, -18)",2014-10-26 10:04:00
2014/10/26/HMI.m2014.10.26_10.00.00.jpg,0.8786112070083618,X2.0,"(40, -18)",2014-10-26 10:04:00
2014/10/26/HMI.m2014.10.26_15.00.00.jpg,0.9204308390617372,X2.0,"(52, -17)",2014-10-27 14:12:00
2014/10/26/HMI.m2014.10.26_16.00.00.jpg,0.8978137373924255,X2.0,"(52, -17)",2014-10-27 14:12:00
2014/10/26/HMI.m2014.10.26_17.00.00.jpg,0.8806725144386292,X2.0,"(52, -17)",2014-10-27 14:12:00
2014/10/26/HMI.m2014.10.26_18.00.00.jpg,0.9234110713005066,X2.0,"(52, -17)",2014-10-27 14:12:00
2014/10/26/HMI.m2014.10.26_19.00.00.jpg,0.7783997058868408,X2.0,"(52, -17)",2014-10-27 14:12:00
2014/10/26/HMI.m2014.10.26_20.00.00.jpg,0.5624733567237854,X2.0,"(52, -17)",2014-10-27 14:12:00
2014/10/26/HMI.m2014.10.26_21.00.00.jpg,0.8134889006614685,X2.0,"(52, -17)",2014-10-27 14:12:00
2014/10/26/HMI.m2014.10.26_22.00.00.jpg,0.8431366682052612,X2.0,"(52, -17)",2014-10-27 14:12:00
2014/10/26/HMI.m2014.10.26_23.00.00.jpg,0.823594331741333,X2.0,"(52, -17)",2014-10-27 14:12:00
2014/10/27/HMI.m2014.10.27_00.00.00.jpg,0.8026978373527527,X2.0,"(52, -17)",2014-10-27 14:12:00
2014/10/27/HMI.m2014.10.27_01.00.00.jpg,0.8972832560539246,X2.0,"(52, -17)",2014-10-27 14:12:00
2014/10/27/HMI.m2014.10.27_02.00.00.jpg,0.8764593005180359,X2.0,"(52, -17)",2014-10-27 14:12:00
2014/10/27/HMI.m2014.10.27_03.00.00.jpg,0.8496159315109253,X2.0,"(52, -17)",2014-10-27 14:12:00
2014/10/27/HMI.m2014.10.27_04.00.00.jpg,0.9275950193405152,X2.0,"(52, -17)",2014-10-27 14:12:00
2014/10/27/HMI.m2014.10.27_05.00.00.jpg,0.934028685092926,X2.0,"(52, -17)",2014-10-27 14:12:00
2014/10/27/HMI.m2014.10.27_06.00.00.jpg,0.9450961351394652,X2.0,"(52, -17)",2014-10-27 14:12:00
2014/10/27/HMI.m2014.10.27_07.00.00.jpg,0.8951669931411743,X2.0,"(52, -17)",2014-10-27 14:12:00
2014/10/27/HMI.m2014.10.27_08.00.00.jpg,0.9057673811912536,X2.0,"(52, -17)",2014-10-27 14:12:00
2014/10/27/HMI.m2014.10.27_09.00.00.jpg,0.8905132412910461,X2.0,"(52, -17)",2014-10-27 14:12:00
2014/10/27/HMI.m2014.10.27_10.00.00.jpg,0.9144926071166992,X2.0,"(52, -17)",2014-10-27 14:12:00
2014/10/27/HMI.m2014.10.27_11.00.00.jpg,0.917626142501831,X2.0,"(52, -17)",2014-10-27 14:12:00
2014/10/27/HMI.m2014.10.27_12.00.00.jpg,0.8837815523147583,X2.0,"(52, -17)",2014-10-27 14:12:00
2014/10/27/HMI.m2014.10.27_13.00.00.jpg,0.9285532832145692,X2.0,"(52, -17)",2014-10-27 14:12:00
2014/10/27/HMI.m2014.10.27_14.00.00.jpg,0.9265287518501282,X2.0,"(52, -17)",2014-10-27 14:12:00
2014/11/07/HMI.m2014.11.07_07.00.00.jpg,0.9446102976799012,X1.6,"(-35.82660911000654, 15)",2014-11-07 16:53:00
2014/11/07/HMI.m2014.11.07_08.00.00.jpg,0.9537443518638612,X1.6,"(-35.82660911000654, 15)",2014-11-07 16:53:00
2014/11/07/HMI.m2014.11.07_09.00.00.jpg,0.9582501649856568,X1.6,"(-35.82660911000654, 15)",2014-11-07 16:53:00
2014/11/07/HMI.m2014.11.07_10.00.00.jpg,0.9559237957000732,X1.6,"(-35.82660911000654, 15)",2014-11-07 16:53:00
2014/11/07/HMI.m2014.11.07_11.00.00.jpg,0.9595180749893188,X1.6,"(-35.82660911000654, 15)",2014-11-07 16:53:00
2014/11/07/HMI.m2014.11.07_12.00.00.jpg,0.9463158249855042,X1.6,"(-35.82660911000654, 15)",2014-11-07 16:53:00
2014/11/07/HMI.m2014.11.07_13.00.00.jpg,0.9457107782363892,X1.6,"(-35.82660911000654, 15)",2014-11-07 16:53:00
2014/11/07/HMI.m2014.11.07_14.00.00.jpg,0.9589810371398926,X1.6,"(-35.82660911000654, 15)",2014-11-07 16:53:00
2014/11/07/HMI.m2014.11.07_15.00.00.jpg,0.9573826789855956,X1.6,"(-35.82660911000654, 15)",2014-11-07 16:53:00
2014/11/07/HMI.m2014.11.07_16.00.00.jpg,0.9513311386108398,X1.6,"(-35.82660911000654, 15)",2014-11-07 16:53:00
2014/12/19/HMI.m2014.12.19_01.00.00.jpg,0.9927815794944764,X1.8,"(24, -21)",2014-12-20 00:11:00
2014/12/19/HMI.m2014.12.19_02.00.00.jpg,0.988728642463684,X1.8,"(24, -21)",2014-12-20 00:11:00
2014/12/19/HMI.m2014.12.19_03.00.00.jpg,0.990675687789917,X1.8,"(24, -21)",2014-12-20 00:11:00
2014/12/19/HMI.m2014.12.19_04.00.00.jpg,0.987249195575714,X1.8,"(24, -21)",2014-12-20 00:11:00
2014/12/19/HMI.m2014.12.19_05.00.00.jpg,0.9849966764450072,X1.8,"(24, -21)",2014-12-20 00:11:00
2014/12/19/HMI.m2014.12.19_06.00.00.jpg,0.9840716123580932,X1.8,"(24, -21)",2014-12-20 00:11:00
2014/12/19/HMI.m2014.12.19_07.00.00.jpg,0.9935933947563172,X1.8,"(24, -21)",2014-12-20 00:11:00
2014/12/19/HMI.m2014.12.19_08.00.00.jpg,0.9875097274780272,X1.8,"(24, -21)",2014-12-20 00:11:00
2014/12/19/HMI.m2014.12.19_09.00.00.jpg,0.9926803708076476,X1.8,"(24, -21)",2014-12-20 00:11:00
2014/12/19/HMI.m2014.12.19_10.00.00.jpg,0.9884856939315796,X1.8,"(24, -21)",2014-12-20 00:11:00
2014/12/19/HMI.m2014.12.19_11.00.00.jpg,0.9925934672355652,X1.8,"(24, -21)",2014-12-20 00:11:00
2014/12/19/HMI.m2014.12.19_12.00.00.jpg,0.981819987297058,X1.8,"(24, -21)",2014-12-20 00:11:00
2014/12/19/HMI.m2014.12.19_13.00.00.jpg,0.9845761060714722,X1.8,"(24, -21)",2014-12-20 00:11:00
2014/12/19/HMI.m2014.12.19_14.00.00.jpg,0.9710493683815002,X1.8,"(24, -21)",2014-12-20 00:11:00
2014/12/19/HMI.m2014.12.19_15.00.00.jpg,0.9869096875190736,X1.8,"(24, -21)",2014-12-20 00:11:00
2014/12/19/HMI.m2014.12.19_16.00.00.jpg,0.9878765344619752,X1.8,"(24, -21)",2014-12-20 00:11:00
2014/12/19/HMI.m2014.12.19_17.00.00.jpg,0.9842326641082764,X1.8,"(24, -21)",2014-12-20 00:11:00
2014/12/19/HMI.m2014.12.19_18.00.00.jpg,0.9794298410415648,X1.8,"(24, -21)",2014-12-20 00:11:00
2014/12/19/HMI.m2014.12.19_19.00.00.jpg,0.9809118509292604,X1.8,"(24, -21)",2014-12-20 00:11:00
2014/12/19/HMI.m2014.12.19_20.00.00.jpg,0.9924938678741456,X1.8,"(24, -21)",2014-12-20 00:11:00
2014/12/19/HMI.m2014.12.19_21.00.00.jpg,0.9838855266571044,X1.8,"(24, -21)",2014-12-20 00:11:00
2014/12/19/HMI.m2014.12.19_22.00.00.jpg,0.9782944917678832,X1.8,"(24, -21)",2014-12-20 00:11:00
2014/12/19/HMI.m2014.12.19_23.00.00.jpg,0.980848789215088,X1.8,"(24, -21)",2014-12-20 00:11:00
2014/12/20/HMI.m2014.12.20_00.00.00.jpg,0.987501621246338,X1.8,"(24, -21)",2014-12-20 00:11:00
